Date,Ticker,Cost Ratio (%),Debt-Service Coverage Ratio,FFO per Share,FY Dividend Yield (%),Gearing Ratio (%),NAV per Share,Net Operating Income,Net Stock Issuance,PB Ratio,Return Percentage,Buy_Hold_Sell
2020-12-01,8U7U.SI,0.1698271793669188,0.3014263448658846,0.52130553176726,0.3020033463161084,0.2816779416950514,0.1609291652804586,0.0042039939989725,0.0788200953072779,0.0586322890208944,0.4421059521226139,0
2021-12-01,8U7U.SI,0.2217058940440614,0.36937346573637,0.6025168540679715,0.3020033463161084,0.2099522946023366,0.1892153531459325,0.0129565157472391,0.071301442924374,0.0586322890208944,0.4421059521226139,0
2022-12-01,8U7U.SI,0.2347095514140354,0.36937346573637,0.5310585237548325,0.2077421022344615,0.2089491830072543,0.1907187800730552,0.0186805517179271,0.0127093631041589,0.0682544428005458,0.373804288181067,0
2023-06-01,8U7U.SI,0.2347095514140354,0.36937346573637,0.5310585237548325,0.2077421022344615,0.2089491830072543,0.1907187800730552,0.0186805517179271,0.0127093631041589,0.066794682462475,0.3581089312862511,0
2023-12-01,8U7U.SI,0.2449002972378461,0.36937346573637,0.4318314802789643,0.1965217774966196,0.3810924856794211,0.1411695884828829,0.0206447352172848,0.0505829840557818,0.0602934689819196,0.3889268362151653,0
2019-01-01,ACV.SI,0.2449002972378461,0.36937346573637,0.4318314802789643,0.3189383713674945,0.3810924856794211,0.1411695884828829,0.0206447352172848,0.0505829840557818,0.0602934689819196,0.5661026800360757,0
2020-01-01,ACV.SI,0.2449002972378461,0.36937346573637,0.4318314802789643,0.0827348198638465,0.3810924856794211,0.1411695884828829,0.0206447352172848,0.0505829840557818,0.0602934689819196,0.3759819687897968,0
2021-01-01,ACV.SI,0.2449002972378461,0.36937346573637,0.4318314802789643,0.0740011869874406,0.3810924856794211,0.1411695884828829,0.0206447352172848,0.0505829840557818,0.0602934689819196,0.4523324671100021,0
2021-09-01,ACV.SI,0.3941342484103504,0.3031895953795528,0.51234043313186,0.0740011869874406,0.4930920228503912,0.2346697781025239,0.0330950251373188,0.0505829840557818,0.0602934689819196,0.7901250894088253,-1
2022-01-01,ACV.SI,0.3941342484103504,0.3031895953795528,0.51234043313186,0.151080593893669,0.4930920228503912,0.2346697781025239,0.0330950251373188,0.0505829840557818,0.0602934689819196,0.5106293143201365,0
2022-09-01,ACV.SI,0.335444059047259,0.3070583569555983,0.5322454792694455,0.151080593893669,0.3363336426783947,0.2341572925273963,0.0382316481198349,0.0505829840557818,0.0602934689819196,0.3386983660423507,0
2023-01-01,ACV.SI,0.335444059047259,0.3070583569555983,0.5322454792694455,0.2363015515119121,0.3363336426783947,0.2341572925273963,0.0382316481198349,0.0505829840557818,0.0602934689819196,0.6229684869244886,-1
2023-09-01,ACV.SI,0.3075864176157476,0.3066094232131858,0.5478650614456079,0.2363015515119121,0.2700673671458357,0.2406680788250615,0.0581538858290198,0.0505829840557818,0.0820934114643414,0.493467540723973,0
2024-01-01,ACV.SI,0.3075864176157476,0.3066094232131858,0.5478650614456079,0.1836793671218062,0.2700673671458357,0.2406680788250615,0.0581538858290198,0.0505829840557818,0.0820934114643414,0.6696761187392954,-1
2024-03-01,ACV.SI,0.3075864176157476,0.3066094232131858,0.5478650614456079,0.1836793671218062,0.2700673671458357,0.2406680788250615,0.0581538858290198,0.0505829840557818,0.0755157665309812,0.6281080888999574,-1
2024-09-01,ACV.SI,0.3400033657500028,0.3060535296878783,0.5143163509053619,0.1836793671218062,0.2950318950594555,0.2382081478971395,0.0644994470403868,0.0505829840557818,0.0806485614321559,0.6892453103907263,-1
2019-01-01,AJBU.SI,0.3400033657500028,0.3060535296878783,0.5143163509053619,0.3609077252161568,0.2950318950594555,0.2382081478971395,0.0644994470403868,0.0505829840557818,0.0806485614321559,0.92711965445424,-1
2020-01-01,AJBU.SI,0.3400033657500028,0.3060535296878783,0.5143163509053619,0.1403848263321262,0.2950318950594555,0.2382081478971395,0.0644994470403868,0.0505829840557818,0.0806485614321559,0.7562572696496122,-1
2021-01-01,AJBU.SI,0.3400033657500028,0.3060535296878783,0.5143163509053619,0.1835609598157592,0.2950318950594555,0.2382081478971395,0.0644994470403868,0.0505829840557818,0.0806485614321559,0.4650654202105271,0
2021-12-01,AJBU.SI,0.141240015936411,0.3049203832362321,0.6665984945514392,0.1835609598157592,0.2805989001076252,0.5035894571378015,0.1594440794433426,0.1638236238365839,0.0806485614321559,0.407676005898851,0
2022-01-01,AJBU.SI,0.141240015936411,0.3049203832362321,0.6665984945514392,0.1503884718673322,0.2805989001076252,0.5035894571378015,0.1594440794433426,0.1638236238365839,0.0806485614321559,0.3602316384306003,0
2022-12-01,AJBU.SI,0.1533568516914242,0.3019014821367005,0.6231679601879945,0.1503884718673322,0.3223665004262001,0.5295260024700825,0.1640103455639403,0.0127093631041589,0.0806485614321559,0.5616422773402738,0
2023-01-01,AJBU.SI,0.1533568516914242,0.3019014821367005,0.6231679601879945,0.2500343045362292,0.3223665004262001,0.5295260024700825,0.1640103455639403,0.0127093631041589,0.0806485614321559,0.6140167314823024,-1
2023-06-01,AJBU.SI,0.1533568516914242,0.3019014821367005,0.6231679601879945,0.2500343045362292,0.3223665004262001,0.5295260024700825,0.1640103455639403,0.0127093631041589,0.1866142517625516,0.4556268481732209,0
2023-12-01,AJBU.SI,0.1930285890260718,0.3018729821318293,0.564496099227605,0.2500343045362292,0.3507235583226691,0.5058536592042141,0.1677347212926633,0.0127093631041589,0.1780217983203451,0.6637266851361721,-1
2024-01-01,AJBU.SI,0.1930285890260718,0.3018729821318293,0.564496099227605,0.2787069503080373,0.3507235583226691,0.5058536592042141,0.1677347212926633,0.0127093631041589,0.1780217983203451,0.6383123669817172,-1
2024-06-01,AJBU.SI,0.1930285890260718,0.3018729821318293,0.564496099227605,0.2787069503080373,0.3507235583226691,0.5058536592042141,0.1677347212926633,0.0127093631041589,0.1632207782012341,0.5643782904514532,0
2024-12-01,AJBU.SI,0.2191825452613713,0.3047285594071752,0.6261755291043579,0.2787069503080373,0.1877921977562121,0.5828862666730593,0.1820755122466397,0.7533898292546888,0.1854734744378648,0.6602484851552528,-1
2025-01-01,AJBU.SI,0.2191825452613713,0.3047285594071752,0.6261755291043579,0.0,0.1877921977562121,0.5828862666730593,0.1820755122466397,0.7533898292546888,0.1854734744378648,0.6602484851552528,-1
2019-01-01,AU8U.SI,0.2191825452613713,0.3047285594071752,0.6261755291043579,0.5108498822536158,0.1877921977562121,0.5828862666730593,0.1820755122466397,0.7533898292546888,0.1854734744378648,0.6934708034696341,-1
2020-01-01,AU8U.SI,0.2191825452613713,0.3047285594071752,0.6261755291043579,0.3326884804847405,0.1877921977562121,0.5828862666730593,0.1820755122466397,0.7533898292546888,0.1854734744378648,0.4709477923262125,0
2020-12-01,AU8U.SI,0.2191825452613713,0.3047285594071752,0.6261755291043579,0.3326884804847405,0.1877921977562121,0.5828862666730593,0.1820755122466397,0.2539350129231461,0.1854734744378648,0.5324411244802522,0
2021-01-01,AU8U.SI,0.2191825452613713,0.3047285594071752,0.6261755291043579,0.2869302787879846,0.1877921977562121,0.5828862666730593,0.1820755122466397,0.2539350129231461,0.1854734744378648,0.4636334200733649,0
2021-12-01,AU8U.SI,0.3546654314981615,0.3034696795548747,0.5618248926329148,0.2869302787879846,0.3212827290851815,0.6711606203407912,0.2345005863896205,0.1236701439077759,0.1854734744378648,0.5329243264948551,0
2022-01-01,AU8U.SI,0.3546654314981615,0.3034696795548747,0.5618248926329148,0.2448071634838574,0.3212827290851815,0.6711606203407912,0.2345005863896205,0.1236701439077759,0.1854734744378648,0.511250654702581,0
2022-12-01,AU8U.SI,0.3554217838621611,0.3038480727171492,0.5700766296421109,0.2448071634838574,0.3608985881061879,0.6027711354765398,0.2388833285917302,0.0127093631041589,0.1854734744378648,0.3736068700481982,0
2023-01-01,AU8U.SI,0.3554217838621611,0.3038480727171492,0.5700766296421109,0.3029512979791779,0.3608985881061879,0.6027711354765398,0.2388833285917302,0.0127093631041589,0.1854734744378648,0.4472700218464279,0
2023-06-01,AU8U.SI,0.3554217838621611,0.3038480727171492,0.5700766296421109,0.3029512979791779,0.3608985881061879,0.6027711354765398,0.2388833285917302,0.0127093631041589,0.0708613972169962,0.3406975209474809,0
2023-12-01,AU8U.SI,0.343007213808815,0.3053426640156682,0.525268023746004,0.3029512979791779,0.4075861563325673,0.5365003222820551,0.2260557571589678,0.0127093631041589,0.0741124689809326,0.4856312113229894,0
2024-01-01,AU8U.SI,0.343007213808815,0.3053426640156682,0.525268023746004,0.2869168494881933,0.4075861563325673,0.5365003222820551,0.2260557571589678,0.0127093631041589,0.0741124689809326,0.4195827545009818,0
2024-06-01,AU8U.SI,0.343007213808815,0.3053426640156682,0.525268023746004,0.2869168494881933,0.4075861563325673,0.5365003222820551,0.2260557571589678,0.0127093631041589,0.0513476897063596,0.4535766177023917,0
2024-12-01,AU8U.SI,0.3545076467311105,0.3038648807777148,0.4954526111117213,0.2869168494881933,0.4114106704395934,0.5024070660412209,0.2105687945207535,0.0127093631041589,0.0652411176077071,0.509372403535187,0
2025-01-01,AU8U.SI,0.3545076467311105,0.3038648807777148,0.4954526111117213,0.1422412538666644,0.4114106704395934,0.5024070660412209,0.2105687945207535,0.0127093631041589,0.0652411176077071,0.509372403535187,0
2019-01-01,AW9U.SI,0.3545076467311105,0.3038648807777148,0.4954526111117213,0.6324410893309302,0.4114106704395934,0.5024070660412209,0.2105687945207535,0.0127093631041589,0.0652411176077071,0.579851346018015,0
2020-01-01,AW9U.SI,0.3545076467311105,0.3038648807777148,0.4954526111117213,0.3585146240571414,0.4114106704395934,0.5024070660412209,0.2105687945207535,0.0127093631041589,0.0652411176077071,0.0478011945259375,1
2020-12-01,AW9U.SI,0.3545076467311105,0.3038648807777148,0.4954526111117213,0.3585146240571414,0.4114106704395934,0.5024070660412209,0.2105687945207535,0.0127093631041589,0.0652411176077071,0.4597847442362721,0
2021-01-01,AW9U.SI,0.3545076467311105,0.3038648807777148,0.4954526111117213,0.848148076202186,0.4114106704395934,0.5024070660412209,0.2105687945207535,0.0127093631041589,0.0652411176077071,0.9354386123183898,-1
2021-12-01,AW9U.SI,0.080529247052827,0.3071151115980292,0.5382857217729341,0.848148076202186,0.2508378880406244,0.1405459340845253,0.0486249692136921,0.1293668324163102,0.0652411176077071,0.4223171824216801,0
2022-01-01,AW9U.SI,0.080529247052827,0.3071151115980292,0.5382857217729341,0.4732142940149811,0.2508378880406244,0.1405459340845253,0.0486249692136921,0.1293668324163102,0.0652411176077071,0.4782540792968381,0
2022-12-01,AW9U.SI,0.0886693459781945,0.3069404815154671,0.5176085860998029,0.4732142940149811,0.3689954745898502,0.1093590264434205,0.0540972567608778,0.0127093631041589,0.0652411176077071,0.5967193920211172,0
2023-01-01,AW9U.SI,0.0886693459781945,0.3069404815154671,0.5176085860998029,0.4827892240357348,0.3689954745898502,0.1093590264434205,0.0540972567608778,0.0127093631041589,0.0652411176077071,0.59531675949777,0
2023-06-01,AW9U.SI,0.0886693459781945,0.3069404815154671,0.5176085860998029,0.4827892240357348,0.3689954745898502,0.1093590264434205,0.0540972567608778,0.0127093631041589,0.0775550516836081,0.5293916475023226,0
2023-12-01,AW9U.SI,0.0935687178986999,0.302577705884116,0.530461845065919,0.4827892240357348,0.3759132221567443,0.1072936562295534,0.0524032423013763,0.0127093631041589,0.0873158438105342,0.6223953104127049,-1
2024-01-01,AW9U.SI,0.0935687178986999,0.302577705884116,0.530461845065919,0.4064606433698324,0.3759132221567443,0.1072936562295534,0.0524032423013763,0.0127093631041589,0.0873158438105342,0.553915610092449,0
2024-06-01,AW9U.SI,0.0935687178986999,0.302577705884116,0.530461845065919,0.4064606433698324,0.3759132221567443,0.1072936562295534,0.0524032423013763,0.0127093631041589,0.0905443833828653,0.5402401377206509,0
2024-12-01,AW9U.SI,0.1026122927745906,0.3403396953322145,0.5187257527132322,0.4064606433698324,0.4081492084202189,0.101133159738952,0.0480089019334142,0.0127093631041589,0.0995080677933427,0.5549391909752277,0
2025-01-01,AW9U.SI,0.1026122927745906,0.3403396953322145,0.5187257527132322,0.080776243585333,0.4081492084202189,0.101133159738952,0.0480089019334142,0.0127093631041589,0.0995080677933427,0.5232914595322543,0
2019-01-01,BMGU.SI,0.1026122927745906,0.3403396953322145,0.5187257527132322,0.3055042929181394,0.4081492084202189,0.101133159738952,0.0480089019334142,0.0127093631041589,0.0995080677933427,0.531137643861531,0
2020-01-01,BMGU.SI,0.1026122927745906,0.3403396953322145,0.5187257527132322,0.1716266441857928,0.4081492084202189,0.101133159738952,0.0480089019334142,0.0127093631041589,0.0995080677933427,0.4378655546436651,0
2020-12-01,BMGU.SI,0.3647898642162362,0.3356581702168885,0.5187257527132322,0.1716266441857928,0.1432948215214671,0.4468636465994605,0.019123328755469,0.0127093631041589,0.0995080677933427,0.4834433267025919,0
2021-01-01,BMGU.SI,0.3647898642162362,0.3356581702168885,0.5187257527132322,0.1592072206197225,0.1432948215214671,0.4468636465994605,0.019123328755469,0.0127093631041589,0.0995080677933427,0.5892049758824919,0
2021-12-01,BMGU.SI,0.3737709977593451,0.3687830563460513,0.5162752815317957,0.1592072206197225,0.1156131136261393,0.4782466234024306,0.0252894595186488,0.0127093631041589,0.0995080677933427,0.4974327237058471,0
2022-01-01,BMGU.SI,0.3737709977593451,0.3687830563460513,0.5162752815317957,0.1145855054534719,0.1156131136261393,0.4782466234024306,0.0252894595186488,0.0127093631041589,0.0995080677933427,0.4235488206558697,0
2022-12-01,BMGU.SI,0.3975011549322318,0.402070730797456,0.5136746538141836,0.1145855054534719,0.173385667962214,0.4198309301164313,0.0226662273008543,0.0127093631041589,0.0995080677933427,0.5150304436170441,0
2023-01-01,BMGU.SI,0.3975011549322318,0.402070730797456,0.5136746538141836,0.0488273148567662,0.173385667962214,0.4198309301164313,0.0226662273008543,0.0127093631041589,0.0995080677933427,0.4834733127141202,0
2023-06-01,BMGU.SI,0.3975011549322318,0.402070730797456,0.5136746538141836,0.0488273148567662,0.173385667962214,0.4198309301164313,0.0226662273008543,0.0127093631041589,0.0713081201161957,0.5431579486007881,0
2023-12-01,BMGU.SI,0.4012567825787206,0.333802672736227,0.4989729347641677,0.0488273148567662,0.2242658928413555,0.3894680968421508,0.0206836231851428,0.0127093631041589,0.072318358761693,0.4709929700440447,0
2024-01-01,BMGU.SI,0.4012567825787206,0.333802672736227,0.4989729347641677,0.0139925498932305,0.2242658928413555,0.3894680968421508,0.0206836231851428,0.0127093631041589,0.072318358761693,0.5018791148428587,0
2019-01-01,BTOU.SI,0.4012567825787206,0.333802672736227,0.4989729347641677,0.5717150753631368,0.2242658928413555,0.3894680968421508,0.0206836231851428,0.0127093631041589,0.072318358761693,0.7791793632641397,-1
2020-01-01,BTOU.SI,0.4012567825787206,0.333802672736227,0.4989729347641677,0.2068257327804735,0.2242658928413555,0.3894680968421508,0.0206836231851428,0.0127093631041589,0.072318358761693,0.3828301802179772,0
2020-12-01,BTOU.SI,0.4012567825787206,0.333802672736227,0.4989729347641677,0.2068257327804735,0.2242658928413555,0.3894680968421508,0.0206836231851428,0.0127093631041589,0.072318358761693,0.5065131305555907,0
2021-01-01,BTOU.SI,0.4012567825787206,0.333802672736227,0.4989729347641677,0.5177707032366748,0.2242658928413555,0.3894680968421508,0.0206836231851428,0.0127093631041589,0.072318358761693,0.5182060626857765,0
2021-12-01,BTOU.SI,0.3737454534676289,0.3042838027905808,0.5241780950567475,0.5177707032366748,0.5058953715562566,0.2458055620302359,0.0979164918413725,0.0866834635511059,0.072318358761693,0.2694901722487524,1
2022-01-01,BTOU.SI,0.3737454534676289,0.3042838027905808,0.5241780950567475,0.1898987795635748,0.5058953715562566,0.2458055620302359,0.0979164918413725,0.0866834635511059,0.072318358761693,0.1892822290430847,1
2022-12-01,BTOU.SI,0.4066728728489584,0.3049772707755216,0.4388551674114908,0.1898987795635748,0.6671734257291542,0.2061803727956668,0.1096954526320673,0.0127093631041589,0.072318358761693,0.0,1
2023-01-01,BTOU.SI,0.4066728728489584,0.3049772707755216,0.4388551674114908,0.3029790648207519,0.6671734257291542,0.2061803727956668,0.1096954526320673,0.0127093631041589,0.072318358761693,0.0749405795120555,1
2023-06-01,BTOU.SI,0.4066728728489584,0.3049772707755216,0.4388551674114908,0.3029790648207519,0.6671734257291542,0.2061803727956668,0.1096954526320673,0.0127093631041589,0.0401393385824406,0.1393497233676938,1
2023-12-01,BTOU.SI,0.4671984279058583,0.305045617480258,0.3132279566755286,0.3029790648207519,0.9196091400788876,0.1168303796736968,0.1136940908709472,0.0127093631041589,0.0140026099037142,1.0,-1
2024-06-01,BTOU.SI,0.4671984279058583,0.305045617480258,0.3132279566755286,0.3029790648207519,0.9196091400788876,0.1168303796736968,0.1136940908709472,0.0127093631041589,0.0065851805114262,0.7152621260603222,-1
2024-12-01,BTOU.SI,0.5297430122032726,0.305045617480258,0.4165878095815011,0.3029790648207519,1.0,0.078197172203292,0.1136940908709472,0.0127093631041589,0.0332727775154951,0.7152621260603222,-1
2019-01-01,BUOU.SI,0.5297430122032726,0.305045617480258,0.4165878095815011,0.3915245559581878,1.0,0.078197172203292,0.1136940908709472,0.0127093631041589,0.0332727775154951,0.6896845682120913,-1
2020-01-01,BUOU.SI,0.5297430122032726,0.305045617480258,0.4165878095815011,0.3088054744380211,1.0,0.078197172203292,0.1136940908709472,0.0127093631041589,0.0332727775154951,0.6685697351457505,-1
2020-09-01,BUOU.SI,0.5297430122032726,0.305045617480258,0.4165878095815011,0.3088054744380211,1.0,0.078197172203292,0.1136940908709472,0.0127093631041589,0.0332727775154951,0.6302901047230453,-1
2021-01-01,BUOU.SI,0.5297430122032726,0.305045617480258,0.4165878095815011,0.2660236295918465,1.0,0.078197172203292,0.1136940908709472,0.0127093631041589,0.0332727775154951,0.587766222220724,0
2021-09-01,BUOU.SI,0.187457628622536,0.3057251525766997,0.6825989466475162,0.2660236295918465,0.2954113984387841,0.4679433881758378,0.2676310882695468,0.261082319035269,0.0332727775154951,0.4866944740938179,0
2022-01-01,BUOU.SI,0.187457628622536,0.3057251525766997,0.6825989466475162,0.2355742505545578,0.2954113984387841,0.4679433881758378,0.2676310882695468,0.261082319035269,0.0332727775154951,0.4003987105112092,0
2022-09-01,BUOU.SI,0.1940337671441796,0.3038422703622954,0.680760900513205,0.2355742505545578,0.1171574008500437,0.4925411469137511,0.2545913386261904,0.0127093631041589,0.0332727775154951,0.4739938402790977,0
2023-01-01,BUOU.SI,0.1940337671441796,0.3038422703622954,0.680760900513205,0.270571643376483,0.1171574008500437,0.4925411469137511,0.2545913386261904,0.0127093631041589,0.0332727775154951,0.5505344875318811,0
2023-09-01,BUOU.SI,0.2201298821630453,0.3004456733287368,0.4777862524994188,0.270571643376483,0.1914207823407325,0.4422921548552896,0.2364647698889782,0.0127093631041589,0.0990301111448238,0.5003707461178409,0
2024-01-01,BUOU.SI,0.2201298821630453,0.3004456733287368,0.4777862524994188,0.2470167626960018,0.1914207823407325,0.4422921548552896,0.2364647698889782,0.0127093631041589,0.0990301111448238,0.4057041301605849,0
2024-03-01,BUOU.SI,0.2201298821630453,0.3004456733287368,0.4777862524994188,0.2470167626960018,0.1914207823407325,0.4422921548552896,0.2364647698889782,0.0127093631041589,0.1033381939078519,0.4359557718466879,0
2024-09-01,BUOU.SI,0.2475415259347768,0.3043473581530543,0.4777862524994188,0.2470167626960018,0.2653031901806716,0.4422921548552896,0.2552244620327218,0.0127093631041589,0.1033381939078519,0.5622285110931236,0
2019-01-01,BWCU.SI,0.2475415259347768,0.3043473581530543,0.4777862524994188,0.5504488000721312,0.2653031901806716,0.4422921548552896,0.2552244620327218,0.0127093631041589,0.1033381939078519,0.6236317417900443,-1
2020-01-01,BWCU.SI,0.2475415259347768,0.3043473581530543,0.4777862524994188,0.4154487677005787,0.2653031901806716,0.4422921548552896,0.2552244620327218,0.0127093631041589,0.1033381939078519,0.5376615350715807,0
2021-01-01,BWCU.SI,0.2475415259347768,0.3043473581530543,0.4777862524994188,0.4567428189293542,0.2653031901806716,0.4422921548552896,0.2552244620327218,0.0127093631041589,0.1033381939078519,0.6253209507930143,-1
2021-12-01,BWCU.SI,0.1183748427870487,0.2795290114556283,0.5302281073605892,0.4567428189293542,0.3808212583468771,0.342811852360023,0.0641665114559177,0.0127093631041589,0.1033381939078519,0.2653502910851887,1
2022-01-01,BWCU.SI,0.1183748427870487,0.2795290114556283,0.5302281073605892,0.3555622227762337,0.3808212583468771,0.342811852360023,0.0641665114559177,0.0127093631041589,0.1033381939078519,0.2930490949948599,1
2022-12-01,BWCU.SI,0.095812779751438,0.3002498290774222,0.5141305066251425,0.3555622227762337,0.3135311424745808,0.2737361984426038,0.0614982510648139,0.0127093631041589,0.1033381939078519,0.3398889175243035,0
2023-01-01,BWCU.SI,0.095812779751438,0.3002498290774222,0.5141305066251425,0.2593521656769015,0.3135311424745808,0.2737361984426038,0.0614982510648139,0.0127093631041589,0.1033381939078519,0.3267417941918368,0
2023-12-01,BWCU.SI,0.102915991085295,0.2886482604494572,0.0,0.2593521656769015,0.8564311473633519,0.0298993796724214,0.0515265574119443,0.0127093631041589,0.324981187872054,0.517892972732552,0
2024-03-01,BWCU.SI,0.102915991085295,0.2886482604494572,0.0,0.2593521656769015,0.8564311473633519,0.0298993796724214,0.0515265574119443,0.0127093631041589,0.295890825857011,0.517892972732552,0
2024-06-01,BWCU.SI,0.102915991085295,0.2886482604494572,0.0,0.2593521656769015,0.8564311473633519,0.0298993796724214,0.0515265574119443,0.0127093631041589,0.6387482225785777,0.6291755479248763,-1
2024-09-01,BWCU.SI,0.102915991085295,0.2886482604494572,0.0,0.2593521656769015,0.8564311473633519,0.0298993796724214,0.0515265574119443,0.0127093631041589,0.6732877346366076,0.6291755479248763,-1
2024-12-01,BWCU.SI,0.1384966333131289,0.2886482604494572,0.4302249297247488,0.2593521656769015,0.8168281697203157,0.0,0.0515265574119443,0.0127093631041589,1.0,0.6291755479248763,-1
2019-01-01,C2PU.SI,0.1384966333131289,0.2886482604494572,0.4302249297247488,0.2453960316886059,0.8168281697203157,0.0,0.0515265574119443,0.0127093631041589,1.0,0.7162848834777432,-1
2020-01-01,C2PU.SI,0.1384966333131289,0.2886482604494572,0.4302249297247488,0.1887025487235271,0.8168281697203157,0.0,0.0515265574119443,0.0127093631041589,1.0,0.650657656472553,-1
2021-01-01,C2PU.SI,0.1384966333131289,0.2886482604494572,0.4302249297247488,0.1503692737448681,0.8168281697203157,0.0,0.0515265574119443,0.0127093631041589,1.0,0.7431492542089811,-1
2021-12-01,C2PU.SI,0.152835616742913,0.3069656961152643,1.0,0.1503692737448681,0.305985704909991,0.8991022455078217,0.0590496735798557,0.0127093631041589,1.0,0.3908711503689679,0
2022-01-01,C2PU.SI,0.152835616742913,0.3069656961152643,1.0,0.0812302540581777,0.305985704909991,0.8991022455078217,0.0590496735798557,0.0127093631041589,1.0,0.362106083213769,0
2022-12-01,C2PU.SI,0.1363975741742042,0.3058909382082402,0.5644412395190928,0.0812302540581777,0.3348444776636852,0.8836657074265314,0.0653693094793174,0.0127093631041589,1.0,0.4760039591065615,0
2023-01-01,C2PU.SI,0.1363975741742042,0.3058909382082402,0.5644412395190928,0.1620498605666035,0.3348444776636852,0.8836657074265314,0.0653693094793174,0.0127093631041589,1.0,0.5257045202713193,0
2023-06-01,C2PU.SI,0.1363975741742042,0.3058909382082402,0.5644412395190928,0.1620498605666035,0.3348444776636852,0.8836657074265314,0.0653693094793174,0.0127093631041589,0.2034090489914835,0.5171125943420568,0
2023-12-01,C2PU.SI,0.1427335768438699,0.3075056326147998,0.6533215450205079,0.1620498605666035,0.3110356644817609,0.8862596637017618,0.0778878239043656,0.0127093631041589,0.193291401036176,0.6153270292310208,-1
2024-01-01,C2PU.SI,0.1427335768438699,0.3075056326147998,0.6533215450205079,0.2248252978892193,0.3110356644817609,0.8862596637017618,0.0778878239043656,0.0127093631041589,0.193291401036176,0.5672118409850297,0
2024-06-01,C2PU.SI,0.1427335768438699,0.3075056326147998,0.6533215450205079,0.2248252978892193,0.3110356644817609,0.8862596637017618,0.0778878239043656,0.0127093631041589,0.1862338342439168,0.5066993747977746,0
2024-12-01,C2PU.SI,0.1513112126421527,0.3075056326147998,0.6348575927542596,0.2248252978892193,0.2904355685547336,0.9126447319787516,0.0778878239043656,0.145862891855385,0.2036576797817335,0.557154201555808,0
2025-01-01,C2PU.SI,0.1513112126421527,0.3075056326147998,0.6348575927542596,0.0108425346041832,0.2904355685547336,0.9126447319787516,0.0778878239043656,0.145862891855385,0.2036576797817335,0.557154201555808,0
2019-01-01,C38U.SI,0.1513112126421527,0.3075056326147998,0.6348575927542596,0.2438257374309201,0.2904355685547336,0.9126447319787516,0.0778878239043656,0.145862891855385,0.2036576797817335,0.6013872981527251,-1
2020-01-01,C38U.SI,0.1513112126421527,0.3075056326147998,0.6348575927542596,0.2051203066205518,0.2904355685547336,0.9126447319787516,0.0778878239043656,0.145862891855385,0.2036576797817335,0.4744242802936775,0
2021-01-01,C38U.SI,0.1513112126421527,0.3075056326147998,0.6348575927542596,0.2617106328849193,0.2904355685547336,0.9126447319787516,0.0778878239043656,0.145862891855385,0.2036576797817335,0.5117830928531396,0
2021-12-01,C38U.SI,0.2377749495853001,0.3051720722432398,0.6516379346787449,0.2617106328849193,0.3245725463534304,0.7817418422455095,0.8099040149438956,0.1976427648875087,0.2036576797817335,0.5371628043032258,0
2022-01-01,C38U.SI,0.2377749495853001,0.3051720722432398,0.6516379346787449,0.1172623464098742,0.3245725463534304,0.7817418422455095,0.8099040149438956,0.1976427648875087,0.2036576797817335,0.5340757512303852,0
2022-12-01,C38U.SI,0.2428842911021251,0.3064367349976004,0.6019392037529631,0.1172623464098742,0.405119952101818,0.8123899574550236,0.8979961780632292,0.0127093631041589,0.2036576797817335,0.4847114562229974,0
2023-01-01,C38U.SI,0.2428842911021251,0.3064367349976004,0.6019392037529631,0.2313432242016447,0.405119952101818,0.8123899574550236,0.8979961780632292,0.0127093631041589,0.2036576797817335,0.5579014918878167,0
2023-06-01,C38U.SI,0.2428842911021251,0.3064367349976004,0.6019392037529631,0.2313432242016447,0.405119952101818,0.8123899574550236,0.8979961780632292,0.0127093631041589,0.0971805083199434,0.5395636286748048,0
2023-12-01,C38U.SI,0.2510946260248994,0.3050862086311435,0.6200343897766731,0.2313432242016447,0.3901906809716557,0.8166464933906528,1.0,0.0127093631041589,0.1091434136870279,0.5981879684063094,0
2024-01-01,C38U.SI,0.2510946260248994,0.3050862086311435,0.6200343897766731,0.2689662890320915,0.3901906809716557,0.8166464933906528,1.0,0.0127093631041589,0.1091434136870279,0.5170126289918687,0
2024-06-01,C38U.SI,0.2510946260248994,0.3050862086311435,0.6200343897766731,0.2689662890320915,0.3901906809716557,0.8166464933906528,1.0,0.0127093631041589,0.1078239432115309,0.6063553559428435,-1
2024-12-01,C38U.SI,0.2393966856630461,0.3062631815616138,0.6188529891955104,0.2689662890320915,0.3021922544930751,0.8153407168224089,0.9907044111918208,0.8320323884962547,0.1089928470849287,0.5977640312151419,0
2025-01-01,C38U.SI,0.2393966856630461,0.3062631815616138,0.6188529891955104,0.056256269833384,0.3021922544930751,0.8153407168224089,0.9907044111918208,0.8320323884962547,0.1089928470849287,0.5977640312151419,0
2019-01-01,CMOU.SI,0.2393966856630461,0.3062631815616138,0.6188529891955104,1.0,0.3021922544930751,0.8153407168224089,0.9907044111918208,0.8320323884962547,0.1089928470849287,0.8164617315066612,-1
2020-01-01,CMOU.SI,0.2393966856630461,0.3062631815616138,0.6188529891955104,0.3472749587402159,0.3021922544930751,0.8153407168224089,0.9907044111918208,0.8320323884962547,0.1089928470849287,0.4956504361225098,0
2020-12-01,CMOU.SI,0.2393966856630461,0.3062631815616138,0.6188529891955104,0.3472749587402159,0.3021922544930751,0.8153407168224089,0.9907044111918208,0.0127093631041589,0.1089928470849287,0.6635728992936656,-1
2021-01-01,CMOU.SI,0.2393966856630461,0.3062631815616138,0.6188529891955104,0.5260357531790472,0.3021922544930751,0.8153407168224089,0.9907044111918208,0.0127093631041589,0.1089928470849287,0.6951017911345572,-1
2021-12-01,CMOU.SI,0.3894476923641434,0.2967193944225905,0.5702220445810979,0.5260357531790472,0.3547019811460166,0.3012996483210974,0.0698373323126947,0.0607920475678298,0.1089928470849287,0.381860576092097,0
2022-01-01,CMOU.SI,0.3894476923641434,0.2967193944225905,0.5702220445810979,0.3784046418851838,0.3547019811460166,0.3012996483210974,0.0698373323126947,0.0607920475678298,0.1089928470849287,0.2948285135479688,1
2022-12-01,CMOU.SI,0.4069066463535677,0.3055018614014015,0.5448898246955851,0.3784046418851838,0.3795182013312435,0.297080839481902,0.0735514743656656,0.0127093631041589,0.1089928470849287,0.2535267883970174,1
2023-01-01,CMOU.SI,0.4069066463535677,0.3055018614014015,0.5448898246955851,0.5493886661133451,0.3795182013312435,0.297080839481902,0.0735514743656656,0.0127093631041589,0.1089928470849287,0.50056797968387,0
2023-06-01,CMOU.SI,0.4069066463535677,0.3055018614014015,0.5448898246955851,0.5493886661133451,0.3795182013312435,0.297080839481902,0.0735514743656656,0.0127093631041589,0.0308905706466408,0.2146642137664671,1
2023-12-01,CMOU.SI,0.4079938762500168,0.3658277694811203,0.4440454736947931,0.5493886661133451,0.5150608250656092,0.2517196871514465,0.0759570704124649,0.0127093631041589,0.0584187286059562,0.412375240555066,0
2024-06-01,CMOU.SI,0.4079938762500168,0.3658277694811203,0.4440454736947931,0.5493886661133451,0.5150608250656092,0.2517196871514465,0.0759570704124649,0.0127093631041589,0.0074704562329458,0.5929175204900998,0
2024-12-01,CMOU.SI,0.4441732153074953,0.3018645897567296,0.4968332036087851,0.5493886661133451,0.5301170128065646,0.2491746263122022,0.0731980714296922,0.0127093631041589,0.0234313299339356,0.4653867075198267,0
2019-01-01,CRPU.SI,0.4441732153074953,0.3018645897567296,0.4968332036087851,0.8797779039154436,0.5301170128065646,0.2491746263122022,0.0731980714296922,0.0127093631041589,0.0234313299339356,0.8382841003900035,-1
2020-01-01,CRPU.SI,0.4441732153074953,0.3018645897567296,0.4968332036087851,0.4208278428335285,0.5301170128065646,0.2491746263122022,0.0731980714296922,0.0127093631041589,0.0234313299339356,0.5198904553617755,0
2020-12-01,CRPU.SI,0.4441732153074953,0.3056931672619714,0.5381392612481305,0.4208278428335285,0.0845034467865029,0.337997448851925,0.0576688095983691,0.0127093631041589,0.0234313299339356,0.6327778933935762,-1
2021-01-01,CRPU.SI,0.4441732153074953,0.3056931672619714,0.5381392612481305,0.4821900388837164,0.0845034467865029,0.337997448851925,0.0576688095983691,0.0127093631041589,0.0234313299339356,0.590445190081506,0
2021-12-01,CRPU.SI,0.4441732153074953,0.4468449716068579,0.5943033393992775,0.4821900388837164,0.0444506306687333,0.3678080918321109,0.0627085537837651,0.0127093631041589,0.0234313299339356,0.4936976743867109,0
2022-01-01,CRPU.SI,0.4441732153074953,0.4468449716068579,0.5943033393992775,0.4307026646107066,0.0444506306687333,0.3678080918321109,0.0627085537837651,0.0127093631041589,0.0234313299339356,0.5037748574576706,0
2022-12-01,CRPU.SI,0.4441732153074953,0.3574749347702761,0.548533198884445,0.4307026646107066,0.0961930392709591,0.3191706355471142,0.0643636802754086,0.0127093631041589,0.0234313299339356,0.4955760481570175,0
2023-01-01,CRPU.SI,0.4441732153074953,0.3574749347702761,0.548533198884445,0.3681114448335861,0.0961930392709591,0.3191706355471142,0.0643636802754086,0.0127093631041589,0.0234313299339356,0.5097919277610266,0
2023-06-01,CRPU.SI,0.4441732153074953,0.3574749347702761,0.548533198884445,0.3681114448335861,0.0961930392709591,0.3191706355471142,0.0643636802754086,0.0127093631041589,0.0897599602791932,0.520075136277851,0
2024-01-01,CRPU.SI,0.4441732153074953,0.3574749347702761,0.548533198884445,0.280085834417954,0.0961930392709591,0.3191706355471142,0.0643636802754086,0.0127093631041589,0.0897599602791932,0.5559761959922078,0
2024-06-01,CRPU.SI,0.4441732153074953,0.3574749347702761,0.548533198884445,0.280085834417954,0.0961930392709591,0.3191706355471142,0.0643636802754086,0.0127093631041589,0.0890316474541354,0.4748936806365925,0
2024-12-01,CRPU.SI,0.037875824087111,0.3544476041077974,0.543437115470944,0.280085834417954,0.0134382347657548,0.3047166306076909,0.0631622467421093,0.0127093631041589,0.098476051123879,0.492365806553767,0
2019-01-01,CWBU.SI,0.037875824087111,0.3544476041077974,0.543437115470944,0.0814169963423225,0.0134382347657548,0.3047166306076909,0.0631622467421093,0.0127093631041589,0.098476051123879,0.6704490671224214,-1
2020-01-01,CWBU.SI,0.037875824087111,0.3544476041077974,0.543437115470944,0.4811354115285513,0.0134382347657548,0.3047166306076909,0.0631622467421093,0.0127093631041589,0.098476051123879,0.5008583388071725,0
2020-12-01,CWBU.SI,0.338305809712448,0.3062129596475842,0.543437115470944,0.4811354115285513,0.3692110233485199,0.9668703780365012,0.0997619647020056,0.0127093631041589,0.098476051123879,0.6385710884763245,-1
2021-01-01,CWBU.SI,0.338305809712448,0.3062129596475842,0.543437115470944,0.5703888203789081,0.3692110233485199,0.9668703780365012,0.0997619647020056,0.0127093631041589,0.098476051123879,0.642400527383465,-1
2021-12-01,CWBU.SI,0.3159238276356935,0.2993310813627608,0.6588746163888264,0.5703888203789081,0.3357728481623677,1.0,0.1085772529948852,0.0866827238174988,0.098476051123879,0.3194772112661758,0
2022-01-01,CWBU.SI,0.3159238276356935,0.2993310813627608,0.6588746163888264,0.4283848880927571,0.3357728481623677,1.0,0.1085772529948852,0.0866827238174988,0.098476051123879,0.3096391838191069,0
2022-12-01,CWBU.SI,0.3512644751900359,0.3032596090081722,0.5704205713315174,0.4283848880927571,0.4111231041157959,0.96029937561022,0.1226280898025514,0.0127093631041589,0.098476051123879,0.5027441757064255,0
2023-01-01,CWBU.SI,0.3512644751900359,0.3032596090081722,0.5704205713315174,0.6185059297158663,0.4111231041157959,0.96029937561022,0.1226280898025514,0.0127093631041589,0.098476051123879,0.5799348406748226,0
2023-06-01,CWBU.SI,0.3512644751900359,0.3032596090081722,0.5704205713315174,0.6185059297158663,0.4111231041157959,0.96029937561022,0.1226280898025514,0.0127093631041589,0.0538541830289138,0.5489190766468047,0
2023-12-01,CWBU.SI,0.3468437520358418,0.3052096616060864,0.5599967570047174,0.6185059297158663,0.4338840537841244,0.8452681611014868,0.1190906492175672,0.0127093631041589,0.0585723639059952,0.7975125111710331,-1
2024-01-01,CWBU.SI,0.3468437520358418,0.3052096616060864,0.5599967570047174,0.5164303194928898,0.4338840537841244,0.8452681611014868,0.1190906492175672,0.0127093631041589,0.0585723639059952,0.7071930772385191,-1
2024-12-01,CWBU.SI,0.3468437520358418,0.3052096616060864,0.383720218325068,0.5164303194928898,0.4338840537841244,0.8452681611014868,0.1190906492175672,0.0127093631041589,0.0585723639059952,0.7219520074712432,-1
2019-01-01,CWCU.SI,0.3468437520358418,0.3052096616060864,0.383720218325068,0.0780146274952034,0.4338840537841244,0.8452681611014868,0.1190906492175672,0.0127093631041589,0.0585723639059952,0.6364290591935943,-1
2020-01-01,CWCU.SI,0.3468437520358418,0.3052096616060864,0.383720218325068,0.0699793401537019,0.4338840537841244,0.8452681611014868,0.1190906492175672,0.0127093631041589,0.0585723639059952,0.4926453034739693,0
2020-12-01,CWCU.SI,0.338305809712448,0.3062129596475842,0.383720218325068,0.0699793401537019,0.3692110233485199,0.9668703780365012,0.0997619647020056,0.0127093631041589,0.0585723639059952,0.5677131589201888,0
2021-01-01,CWCU.SI,0.338305809712448,0.3062129596475842,0.383720218325068,0.1708841883755542,0.3692110233485199,0.9668703780365012,0.0997619647020056,0.0127093631041589,0.0585723639059952,0.5433495643096952,0
2021-12-01,CWCU.SI,0.3159238276356935,0.2993310813627608,0.6588746163888264,0.1708841883755542,0.3357728481623677,1.0,0.1085772529948852,0.0866827238174988,0.0585723639059952,0.269222167188168,1
2022-01-01,CWCU.SI,0.3159238276356935,0.2993310813627608,0.6588746163888264,0.3388840634565293,0.3357728481623677,1.0,0.1085772529948852,0.0866827238174988,0.0585723639059952,0.2738261450226322,1
2022-12-01,CWCU.SI,0.3512644751900359,0.3032596090081722,0.5704205713315174,0.3388840634565293,0.4111231041157959,0.96029937561022,0.1226280898025514,0.0127093631041589,0.0585723639059952,0.4892008609664179,0
2023-01-01,CWCU.SI,0.3512644751900359,0.3032596090081722,0.5704205713315174,0.5393641986148533,0.4111231041157959,0.96029937561022,0.1226280898025514,0.0127093631041589,0.0585723639059952,0.5537963908089397,0
2023-06-01,CWCU.SI,0.3512644751900359,0.3032596090081722,0.5704205713315174,0.5393641986148533,0.4111231041157959,0.96029937561022,0.1226280898025514,0.0127093631041589,0.0992933020928492,0.5178842601069502,0
2023-12-01,CWCU.SI,0.3468437520358418,0.3052096616060864,0.5599967570047174,0.5393641986148533,0.4338840537841244,0.8452681611014868,0.1190906492175672,0.0127093631041589,0.1009280905286867,0.7266518942880656,-1
2024-01-01,CWCU.SI,0.3468437520358418,0.3052096616060864,0.5599967570047174,0.4667782612853594,0.4338840537841244,0.8452681611014868,0.1190906492175672,0.0127093631041589,0.1009280905286867,0.6421599542425697,-1
2024-12-01,CWCU.SI,0.3468437520358418,0.3052096616060864,0.383720218325068,0.4667782612853594,0.4338840537841244,0.8452681611014868,0.1190906492175672,0.0127093631041589,0.1009280905286867,0.7219520074712432,-1
2019-01-01,D5IU.SI,0.3468437520358418,0.3052096616060864,0.383720218325068,0.5939748020447284,0.4338840537841244,0.8452681611014868,0.1190906492175672,0.0127093631041589,0.1009280905286867,0.7362426004160285,-1
2020-01-01,D5IU.SI,0.3468437520358418,0.3052096616060864,0.383720218325068,0.1683679643938636,0.4338840537841244,0.8452681611014868,0.1190906492175672,0.0127093631041589,0.1009280905286867,0.0985621254375729,1
2020-12-01,D5IU.SI,0.4538708828596924,0.282586587145463,0.4408370291083693,0.1683679643938636,0.4706342069768412,0.075403938799528,0.0723855175749736,0.0127093631041589,0.1009280905286867,0.3762068587213782,0
2021-01-01,D5IU.SI,0.4538708828596924,0.282586587145463,0.4408370291083693,0.216918977383712,0.4706342069768412,0.075403938799528,0.0723855175749736,0.0127093631041589,0.1009280905286867,0.464673119275661,0
2021-12-01,D5IU.SI,0.3728196685188854,0.3043350226997391,0.5001942912534972,0.216918977383712,0.4794405976672824,0.0343539406853578,0.0843978061728167,0.2205537941676443,0.1009280905286867,0.2525638513301761,1
2022-01-01,D5IU.SI,0.3728196685188854,0.3043350226997391,0.5001942912534972,0.2895721065943643,0.4794405976672824,0.0343539406853578,0.0843978061728167,0.2205537941676443,0.1009280905286867,0.2716624426577451,1
2022-12-01,D5IU.SI,0.3308048496014037,0.2787032618067606,0.5040907245814046,0.2895721065943643,0.5431878861263832,0.0239977333965084,0.1039864260524823,0.0127093631041589,0.1009280905286867,0.3317461078716528,0
2023-01-01,D5IU.SI,0.3308048496014037,0.2787032618067606,0.5040907245814046,0.0405288735883278,0.5431878861263832,0.0239977333965084,0.1039864260524823,0.0127093631041589,0.1009280905286867,0.2541291485600279,1
2023-06-01,D5IU.SI,0.3308048496014037,0.2787032618067606,0.5040907245814046,0.0405288735883278,0.5431878861263832,0.0239977333965084,0.1039864260524823,0.0127093631041589,0.0018403205289984,0.393616518539014,0
2023-09-01,D5IU.SI,0.3308048496014037,0.2787032618067606,0.5040907245814046,0.0405288735883278,0.5431878861263832,0.0239977333965084,0.1039864260524823,0.0127093631041589,0.0023812254105205,0.6275486251573164,-1
2024-03-01,D5IU.SI,0.3308048496014037,0.2787032618067606,0.5040907245814046,0.0405288735883278,0.5431878861263832,0.0239977333965084,0.1039864260524823,0.0127093631041589,0.0,0.517892972732552,0
2024-06-01,D5IU.SI,0.3308048496014037,0.2787032618067606,0.5040907245814046,0.0405288735883278,0.5431878861263832,0.0239977333965084,0.1039864260524823,0.0127093631041589,0.0031657970050934,0.4249866745721126,0
2024-09-01,D5IU.SI,0.3308048496014037,0.2787032618067606,0.5040907245814046,0.0405288735883278,0.5431878861263832,0.0239977333965084,0.1039864260524823,0.0127093631041589,0.0171481981036852,0.4249866745721126,0
2024-12-01,D5IU.SI,0.3308048496014037,0.2787032618067606,0.4994143769856989,0.0405288735883278,0.5431878861263832,0.0239977333965084,0.1039864260524823,0.0127093631041589,0.0171481981036852,0.4249866745721126,0
2020-12-01,DCRU.SI,0.5510796733024185,0.2787032618067606,0.5266076329881614,0.0405288735883278,0.0,0.3594261013981112,0.0300331093522833,0.4565495273841984,0.0171481981036852,0.4590856547190928,0
2022-01-01,DCRU.SI,0.5510796733024185,0.2787032618067606,0.5266076329881614,0.0959227028336805,0.0,0.3594261013981112,0.0300331093522833,0.4565495273841984,0.0171481981036852,0.2032221888449928,1
2022-12-01,DCRU.SI,0.4037511833349712,0.2787032618067606,0.5040484977104678,0.0959227028336805,0.1810562028436944,0.352011849142415,0.0560798608765893,0.7314101245859341,0.0171481981036852,0.5732002056235255,0
2023-01-01,DCRU.SI,0.4037511833349712,0.2787032618067606,0.5040484977104678,0.3342524577062064,0.1810562028436944,0.352011849142415,0.0560798608765893,0.7314101245859341,0.0171481981036852,0.6966413997590596,-1
2023-06-01,DCRU.SI,0.4037511833349712,0.2787032618067606,0.5040484977104678,0.3342524577062064,0.1810562028436944,0.352011849142415,0.0560798608765893,0.7314101245859341,0.0506855778291596,0.8669822245978321,-1
2023-12-01,DCRU.SI,0.4628867676671541,0.2787032618067606,0.4152455022028093,0.3342524577062064,0.346744875871717,0.3002482450616677,0.0560798608765893,0.0102061045776195,0.0998052738123934,0.5734776847952724,0
2024-01-01,DCRU.SI,0.4628867676671541,0.2787032618067606,0.4152455022028093,0.2130492377759572,0.346744875871717,0.3002482450616677,0.0560798608765893,0.0102061045776195,0.0998052738123934,0.4953579323475459,0
2024-06-01,DCRU.SI,0.4628867676671541,0.2787032618067606,0.4152455022028093,0.2130492377759572,0.346744875871717,0.3002482450616677,0.0560798608765893,0.0102061045776195,0.093278116049866,0.5777556185278035,0
2024-12-01,DCRU.SI,0.423867328178212,0.3072789079722227,0.6436666399247919,0.2130492377759572,0.2286348073852988,0.357998074301974,0.0466089350905236,0.0899693602339925,0.0828460315322108,0.5893307230900402,0
2025-01-01,DCRU.SI,0.423867328178212,0.3072789079722227,0.6436666399247919,0.1172874790835086,0.2286348073852988,0.357998074301974,0.0466089350905236,0.0899693602339925,0.0828460315322108,0.5893307230900402,0
2020-12-01,DHLU.SI,0.1954897105777949,0.3072789079722227,0.5392012328968837,0.1172874790835086,0.7225286729512241,0.2984838628781341,0.0216646915672465,0.4121655109561944,0.0828460315322108,0.4590856547190928,0
2022-01-01,DHLU.SI,0.1954897105777949,0.3072789079722227,0.5392012328968837,0.1802555345647583,0.7225286729512241,0.2984838628781341,0.0216646915672465,0.4121655109561944,0.0828460315322108,0.4106361224389586,0
2022-12-01,DHLU.SI,0.1954897105777949,0.3072789079722227,0.5392012328968837,0.1802555345647583,0.5279559008825541,0.3120855163060275,0.0216646915672465,0.4121655109561944,0.0828460315322108,0.5142226710764205,0
2023-01-01,DHLU.SI,0.1954897105777949,0.3072789079722227,0.5392012328968837,0.3843315754696271,0.5279559008825541,0.3120855163060275,0.0216646915672465,0.4121655109561944,0.0828460315322108,0.5940991803088249,0
2023-06-01,DHLU.SI,0.1954897105777949,0.3072789079722227,0.5392012328968837,0.3843315754696271,0.5279559008825541,0.3120855163060275,0.0216646915672465,0.4121655109561944,0.0813932140729164,0.5732481109262669,0
2023-12-01,DHLU.SI,0.2094789209423763,0.3072789079722227,0.5592227626152381,0.3843315754696271,0.5094748974536987,0.2913299379927844,0.0190305434286497,0.0127093631041589,0.0905329040473168,0.5777545603044362,0
2024-01-01,DHLU.SI,0.2094789209423763,0.3072789079722227,0.5592227626152381,0.29286050226257,0.5094748974536987,0.2913299379927844,0.0190305434286497,0.0127093631041589,0.0905329040473168,0.4895251173670649,0
2019-01-01,HMN.SI,0.2094789209423763,0.3072789079722227,0.5592227626152381,0.6123290087745498,0.5094748974536987,0.2913299379927844,0.0190305434286497,0.0127093631041589,0.0905329040473168,0.7355402410751978,-1
2020-01-01,HMN.SI,0.2094789209423763,0.3072789079722227,0.5592227626152381,0.0264178512323987,0.5094748974536987,0.2913299379927844,0.0190305434286497,0.0127093631041589,0.0905329040473168,0.4024739741881208,0
2021-01-01,HMN.SI,0.2094789209423763,0.3072789079722227,0.5592227626152381,0.210119862290311,0.5094748974536987,0.2913299379927844,0.0190305434286497,0.0127093631041589,0.0905329040473168,0.5219023319080877,0
2021-12-01,HMN.SI,0.5251315444291801,0.3035270651412977,0.5974079962092387,0.210119862290311,0.403626807641209,0.4987221163063682,0.2081243105060962,0.0127093631041589,0.0905329040473168,0.5239861205773203,0
2022-01-01,HMN.SI,0.5251315444291801,0.3035270651412977,0.5974079962092387,0.2361236400886778,0.403626807641209,0.4987221163063682,0.2081243105060962,0.0127093631041589,0.0905329040473168,0.5598613526785848,0
2022-12-01,HMN.SI,0.5093608752261817,0.3063911290139353,0.5709644729541019,0.2361236400886778,0.4115777452402382,0.482125684539384,0.3590567007038722,0.0127093631041589,0.0905329040473168,0.5442434842190195,0
2023-01-01,HMN.SI,0.5093608752261817,0.3063911290139353,0.5709644729541019,0.247654420863194,0.4115777452402382,0.482125684539384,0.3590567007038722,0.0127093631041589,0.0905329040473168,0.5137620111833978,0
2023-06-01,HMN.SI,0.5093608752261817,0.3063911290139353,0.5709644729541019,0.247654420863194,0.4115777452402382,0.482125684539384,0.3590567007038722,0.0127093631041589,0.088829230998195,0.4493535786300888,0
2023-12-01,HMN.SI,0.5103052090953608,0.3018956012662661,0.5678787452759824,0.247654420863194,0.3785165983602612,0.4796358287673349,0.4358426988522591,0.0127093631041589,0.0827807848454364,0.5234649377312404,0
2024-01-01,HMN.SI,0.5103052090953608,0.3018956012662661,0.5678787452759824,0.2333299450794446,0.3785165983602612,0.4796358287673349,0.4358426988522591,0.0127093631041589,0.0827807848454364,0.4753280243124624,0
2024-06-01,HMN.SI,0.5103052090953608,0.3018956012662661,0.5678787452759824,0.2333299450794446,0.3785165983602612,0.4796358287673349,0.4358426988522591,0.0127093631041589,0.0744295815826055,0.5149392672148939,0
2024-12-01,HMN.SI,0.506394869505201,0.3018956012662661,0.5658096970045129,0.2333299450794446,0.398158492891645,0.4764715699142873,0.4783322383300278,0.0127093631041589,0.0761829788119432,0.5119932048531861,0
2025-01-01,HMN.SI,0.506394869505201,0.3018956012662661,0.5658096970045129,0.1605269774731829,0.398158492891645,0.4764715699142873,0.4783322383300278,0.0127093631041589,0.0761829788119432,0.5119932048531861,0
2019-01-01,J69U.SI,0.506394869505201,0.3018956012662661,0.5658096970045129,0.2966169100873056,0.398158492891645,0.4764715699142873,0.4783322383300278,0.0127093631041589,0.0761829788119432,0.7426193294127554,-1
2020-01-01,J69U.SI,0.506394869505201,0.3018956012662661,0.5658096970045129,0.1593183447827725,0.398158492891645,0.4764715699142873,0.4783322383300278,0.0127093631041589,0.0761829788119432,0.4671898535076379,0
2021-01-01,J69U.SI,0.506394869505201,0.3018956012662661,0.5658096970045129,0.2333992962437514,0.398158492891645,0.4764715699142873,0.4783322383300278,0.0127093631041589,0.0761829788119432,0.5070838882601354,0
2021-09-01,J69U.SI,0.341310680736047,0.3072877056774717,0.592791478945009,0.2333992962437514,0.1801693194209488,0.8739491176702031,0.2107659633402444,1.0,0.0761829788119432,0.528154753814478,0
2022-01-01,J69U.SI,0.341310680736047,0.3072877056774717,0.592791478945009,0.2436180329384394,0.1801693194209488,0.8739491176702031,0.2107659633402444,1.0,0.0761829788119432,0.4932639278366352,0
2022-09-01,J69U.SI,0.3358299198096063,0.3028961532637861,0.613218344999744,0.2436180329384394,0.1747653647140058,0.8827471817552153,0.22163344474395,0.0127093631041589,0.0761829788119432,0.5485450588672195,0
2023-01-01,J69U.SI,0.3358299198096063,0.3028961532637861,0.613218344999744,0.2526180918824109,0.1747653647140058,0.8827471817552153,0.22163344474395,0.0127093631041589,0.0761829788119432,0.6046456786998518,-1
2023-09-01,J69U.SI,0.3466182502384165,0.3055807212741588,0.6152815626170942,0.2526180918824109,0.2823860558301038,0.8814488517382457,0.2297589832911364,0.0127093631041589,0.1052174071827793,0.5950913115409296,0
2024-01-01,J69U.SI,0.3466182502384165,0.3055807212741588,0.6152815626170942,0.2176614163520878,0.2823860558301038,0.8814488517382457,0.2297589832911364,0.0127093631041589,0.1052174071827793,0.508892258114016,0
2024-03-01,J69U.SI,0.3466182502384165,0.3055807212741588,0.6152815626170942,0.2176614163520878,0.2823860558301038,0.8814488517382457,0.2297589832911364,0.0127093631041589,0.1144079089567218,0.5047047523402507,0
2024-09-01,J69U.SI,0.3536261296783058,0.3065819384632947,0.601659104080629,0.2176614163520878,0.2107800162863519,0.8702526001271926,0.2180734900723111,0.160657563998053,0.1208655015464275,0.4937346858462971,0
2019-01-01,J85.SI,0.3536261296783058,0.3065819384632947,0.601659104080629,0.342479795343258,0.2107800162863519,0.8702526001271926,0.2180734900723111,0.160657563998053,0.1208655015464275,0.6255431553654841,-1
2020-01-01,J85.SI,0.3536261296783058,0.3065819384632947,0.601659104080629,0.1977919252074953,0.2107800162863519,0.8702526001271926,0.2180734900723111,0.160657563998053,0.1208655015464275,0.4072585973792063,0
2021-01-01,J85.SI,0.3536261296783058,0.3065819384632947,0.601659104080629,0.1743179854075454,0.2107800162863519,0.8702526001271926,0.2180734900723111,0.160657563998053,0.1208655015464275,0.4915362452364591,0
2021-12-01,J85.SI,0.4192959644761176,0.3053627195895358,0.5686815830087855,0.1743179854075454,0.4542690865950309,0.4996591853772612,0.0648535322214103,0.160657563998053,0.1208655015464275,0.6096273843251223,-1
2022-01-01,J85.SI,0.4192959644761176,0.3053627195895358,0.5686815830087855,0.2014630074284467,0.4542690865950309,0.4996591853772612,0.0648535322214103,0.160657563998053,0.1208655015464275,0.5885489521543753,0
2022-12-01,J85.SI,0.4257842879194258,0.305839433734787,0.6759197869797656,0.2014630074284467,0.4075448301345394,0.5436586000951349,0.1123746289439733,0.160657563998053,0.1208655015464275,0.4505750087618154,0
2023-01-01,J85.SI,0.4257842879194258,0.305839433734787,0.6759197869797656,0.2175203076424604,0.4075448301345394,0.5436586000951349,0.1123746289439733,0.160657563998053,0.1208655015464275,0.4753450105084338,0
2023-06-01,J85.SI,0.4257842879194258,0.305839433734787,0.6759197869797656,0.2175203076424604,0.4075448301345394,0.5436586000951349,0.1123746289439733,0.160657563998053,0.0912970583558588,0.4409137939269627,0
2023-12-01,J85.SI,0.4281999880671129,0.3045996834717874,0.608407994189167,0.2175203076424604,0.407694154351331,0.5685248812292353,0.1301648508714657,0.160657563998053,0.0770006649175224,0.449528800139668,0
2024-01-01,J85.SI,0.4281999880671129,0.3045996834717874,0.608407994189167,0.2182460111445323,0.407694154351331,0.5685248812292353,0.1301648508714657,0.160657563998053,0.0770006649175224,0.4076612131633872,0
2024-12-01,J85.SI,0.4454918406610773,0.3061136505785337,0.5294546967634732,0.2182460111445323,0.5101541469828148,0.5492993648458901,0.1313253497017565,0.160657563998053,0.0770006649175224,0.5111087603191519,0
2025-01-01,J85.SI,0.4454918406610773,0.3061136505785337,0.5294546967634732,0.1245259995742779,0.5101541469828148,0.5492993648458901,0.1313253497017565,0.160657563998053,0.0770006649175224,0.5111087603191519,0
2019-01-01,J91U.SI,0.4454918406610773,0.3061136505785337,0.5294546967634732,0.504843785315787,0.5101541469828148,0.5492993648458901,0.1313253497017565,0.160657563998053,0.0770006649175224,0.5940413740352548,0
2020-01-01,J91U.SI,0.4454918406610773,0.3061136505785337,0.5294546967634732,0.3112657269785481,0.5101541469828148,0.5492993648458901,0.1313253497017565,0.160657563998053,0.0770006649175224,0.3925907905501892,0
2021-01-01,J91U.SI,0.4454918406610773,0.3061136505785337,0.5294546967634732,0.4366700095826833,0.5101541469828148,0.5492993648458901,0.1313253497017565,0.160657563998053,0.0770006649175224,0.7117216237072601,-1
2021-12-01,J91U.SI,0.2483959897357651,0.3060249004631845,0.5256053482222833,0.4366700095826833,0.4985182160728623,0.1517708413230436,0.1319318655513324,0.1233949630059223,0.0770006649175224,0.3855147297278163,0
2022-01-01,J91U.SI,0.2483959897357651,0.3060249004631845,0.5256053482222833,0.2262781840492612,0.4985182160728623,0.1517708413230436,0.1319318655513324,0.1233949630059223,0.0770006649175224,0.4008678121536441,0
2022-12-01,J91U.SI,0.2548258625425681,0.3070747960351376,0.4653484905297815,0.2262781840492612,0.6019419923016083,0.1479352646093992,0.1955068705487774,0.1236694041741688,0.0770006649175224,0.4676136300445301,0
2023-01-01,J91U.SI,0.2548258625425681,0.3070747960351376,0.4653484905297815,0.3844522704270375,0.6019419923016083,0.1479352646093992,0.1955068705487774,0.1236694041741688,0.0770006649175224,0.4809908122956802,0
2023-06-01,J91U.SI,0.2548258625425681,0.3070747960351376,0.4653484905297815,0.3844522704270375,0.6019419923016083,0.1479352646093992,0.1955068705487774,0.1236694041741688,0.0912823344194754,0.4978809790426024,0
2023-12-01,J91U.SI,0.2593661493760232,0.3058000132489966,0.4948651981895224,0.3844522704270375,0.4891398744236566,0.1234015508756374,0.223628329270564,0.1584583359840454,0.094276873612231,0.4963186123788227,0
2024-01-01,J91U.SI,0.2593661493760232,0.3058000132489966,0.4948651981895224,0.4265847025792077,0.4891398744236566,0.1234015508756374,0.223628329270564,0.1584583359840454,0.094276873612231,0.4480168188715134,0
2024-06-01,J91U.SI,0.2593661493760232,0.3058000132489966,0.4948651981895224,0.4265847025792077,0.4891398744236566,0.1234015508756374,0.223628329270564,0.1584583359840454,0.0845702033495887,0.4937346858462971,0
2024-12-01,J91U.SI,0.2601741035007685,0.30661282418524,0.4884275223561626,0.4265847025792077,0.6402314961755291,0.1129074130390447,0.2127315113297024,0.1423787465657867,0.0921082775629329,0.5264410892119735,0
2025-01-01,J91U.SI,0.2601741035007685,0.30661282418524,0.4884275223561626,0.0295789579675201,0.6402314961755291,0.1129074130390447,0.2127315113297024,0.1423787465657867,0.0921082775629329,0.5264410892119735,0
2020-01-01,JYEU.SI,0.2601741035007685,0.30661282418524,0.4884275223561626,0.1666105488450183,0.6402314961755291,0.1129074130390447,0.2127315113297024,0.1423787465657867,0.0921082775629329,0.4054786833547906,0
2021-01-01,JYEU.SI,0.2601741035007685,0.30661282418524,0.4884275223561626,0.3256342034640481,0.6402314961755291,0.1129074130390447,0.2127315113297024,0.1423787465657867,0.0921082775629329,0.7023887647239273,-1
2021-06-01,JYEU.SI,0.277800185742474,0.3901963588570832,0.5013734048905634,0.3256342034640481,0.1995076745112667,0.3511618403088101,0.0277666912957129,0.1606560845308387,0.0921082775629329,0.645959232037514,-1
2022-01-01,JYEU.SI,0.277800185742474,0.3901963588570832,0.5013734048905634,0.2615953796251269,0.1995076745112667,0.3511618403088101,0.0277666912957129,0.1606560845308387,0.0921082775629329,0.4313762089921885,0
2022-06-01,JYEU.SI,0.2692457501491331,0.3065628299873086,0.5593067358943268,0.2615953796251269,0.412111073579531,0.3536468826803505,0.0410281705803654,0.6406063448430951,0.0921082775629329,0.4204859763616603,0
2023-01-01,JYEU.SI,0.2692457501491331,0.3065628299873086,0.5593067358943268,0.3008185508411393,0.412111073579531,0.3536468826803505,0.0410281705803654,0.6406063448430951,0.0921082775629329,0.5053235359702617,0
2023-06-01,JYEU.SI,0.2356884685351001,0.2997046460968287,0.5416672099531435,0.3008185508411393,0.4215055198215482,0.3548993486608222,0.1062248720619969,0.0127093631041589,0.0699257369127347,0.4481572623408286,0
2023-12-01,JYEU.SI,0.2356884685351001,0.2997046460968287,0.5416672099531435,0.3008185508411393,0.4215055198215482,0.3548993486608222,0.1062248720619969,0.0127093631041589,0.0728520697065489,0.5017542123617281,0
2024-01-01,JYEU.SI,0.2356884685351001,0.2997046460968287,0.5416672099531435,0.2502405526400943,0.4215055198215482,0.3548993486608222,0.1062248720619969,0.0127093631041589,0.0728520697065489,0.4632980750174376,0
2024-06-01,JYEU.SI,0.2287087226531773,0.3061451330796692,0.5326885568729843,0.2502405526400943,0.4375731965123848,0.3436620374664288,0.1167471374703308,0.0127093631041589,0.0643258898330168,0.4747159705910495,0
2019-01-01,K71U.SI,0.2287087226531773,0.3061451330796692,0.5326885568729843,0.26943837582216,0.4375731965123848,0.3436620374664288,0.1167471374703308,0.0127093631041589,0.0643258898330168,0.6037964828781344,-1
2020-01-01,K71U.SI,0.2287087226531773,0.3061451330796692,0.5326885568729843,0.1742341502895718,0.4375731965123848,0.3436620374664288,0.1167471374703308,0.0127093631041589,0.0643258898330168,0.473766733746628,0
2021-01-01,K71U.SI,0.2287087226531773,0.3061451330796692,0.5326885568729843,0.2700183725836939,0.4375731965123848,0.3436620374664288,0.1167471374703308,0.0127093631041589,0.0643258898330168,0.5610254516993177,0
2021-12-01,K71U.SI,0.1705004222689186,0.3079154467411301,0.5619701582865502,0.2700183725836939,0.2197659827678156,0.5679932710277938,0.08465433031167,0.2124381767637838,0.0643258898330168,0.4200503280069901,0
2022-01-01,K71U.SI,0.1705004222689186,0.3079154467411301,0.5619701582865502,0.2505665197838336,0.2197659827678156,0.5679932710277938,0.08465433031167,0.2124381767637838,0.0643258898330168,0.4241139468774186,0
2022-12-01,K71U.SI,0.1647258704300611,0.3070507368011447,0.6032950747881378,0.2505665197838336,0.2193366633950838,0.5890660566993041,0.0856238005279212,0.0127093631041589,0.0643258898330168,0.5361872945100404,0
2023-01-01,K71U.SI,0.1647258704300611,0.3070507368011447,0.6032950747881378,0.2978838535179773,0.2193366633950838,0.5890660566993041,0.0856238005279212,0.0127093631041589,0.0643258898330168,0.5729190746383492,0
2023-06-01,K71U.SI,0.1647258704300611,0.3070507368011447,0.6032950747881378,0.2978838535179773,0.2193366633950838,0.5890660566993041,0.0856238005279212,0.0127093631041589,0.0606396722731678,0.5479268772876466,0
2023-12-01,K71U.SI,0.4501690756581519,0.307545542276024,0.5454864538409149,0.2978838535179773,0.1163706065351734,0.5709774310776723,0.09578447605968,0.0,0.0669199026429205,0.5522887202044647,0
2024-01-01,K71U.SI,0.4501690756581519,0.307545542276024,0.5454864538409149,0.2649932550758765,0.1163706065351734,0.5709774310776723,0.09578447605968,0.0,0.0669199026429205,0.5171555319287389,0
2024-06-01,K71U.SI,0.4501690756581519,0.307545542276024,0.5454864538409149,0.2649932550758765,0.1163706065351734,0.5709774310776723,0.09578447605968,0.0,0.0620847432571101,0.5350342220568314,0
2024-12-01,K71U.SI,0.4418453824841513,0.307545542276024,0.5283897867561338,0.2649932550758765,0.2007519672590816,0.5505808236862033,0.09578447605968,0.0127093631041589,0.0701450545714046,0.5624022211094933,0
2025-01-01,K71U.SI,0.4418453824841513,0.307545542276024,0.5283897867561338,0.1223774898502338,0.2007519672590816,0.5505808236862033,0.09578447605968,0.0127093631041589,0.0701450545714046,0.5624022211094933,0
2019-01-01,M1GU.SI,0.4418453824841513,0.307545542276024,0.5283897867561338,0.4566825147719958,0.2007519672590816,0.5505808236862033,0.09578447605968,0.0127093631041589,0.0701450545714046,0.6791735073428656,-1
2020-01-01,M1GU.SI,0.4418453824841513,0.307545542276024,0.5283897867561338,0.1469425739544504,0.2007519672590816,0.5505808236862033,0.09578447605968,0.0127093631041589,0.0701450545714046,0.3832037864983924,0
2020-12-01,M1GU.SI,0.343165600161446,0.352594631124477,0.4664870852542632,0.1469425739544504,0.404034865755223,0.1823592497798521,0.0226819189370076,0.0127093631041589,0.0701450545714046,0.7429225278503518,-1
2021-01-01,M1GU.SI,0.343165600161446,0.352594631124477,0.4664870852542632,0.6154658115331682,0.404034865755223,0.1823592497798521,0.0226819189370076,0.0127093631041589,0.0701450545714046,0.7623802358141514,-1
2021-12-01,M1GU.SI,0.3316291301368824,0.3071508230882075,0.5441691584635169,0.6154658115331682,0.432188224113964,0.1850891644736263,0.0313355151530036,0.0127093631041589,0.0701450545714046,0.5406677274291702,0
2022-01-01,M1GU.SI,0.3316291301368824,0.3071508230882075,0.5441691584635169,0.3639836420713263,0.432188224113964,0.1850891644736263,0.0313355151530036,0.0127093631041589,0.0701450545714046,0.5486809678993249,0
2022-12-01,M1GU.SI,0.4039359720652524,0.304769936468626,0.5464479386150988,0.3639836420713263,0.3563289311996882,0.1907952032487017,0.0398997372674311,0.0127093631041589,0.0701450545714046,0.5083035346099697,0
2023-01-01,M1GU.SI,0.4039359720652524,0.304769936468626,0.5464479386150988,0.3357603153956682,0.3563289311996882,0.1907952032487017,0.0398997372674311,0.0127093631041589,0.0701450545714046,0.5178927683267153,0
2023-06-01,M1GU.SI,0.4039359720652524,0.304769936468626,0.5464479386150988,0.3357603153956682,0.3563289311996882,0.1907952032487017,0.0398997372674311,0.0127093631041589,0.0826431220248458,0.4535911552919427,0
2023-12-01,M1GU.SI,0.4734753381484766,0.3527269114416439,0.5175482737310815,0.3357603153956682,0.4036036849505864,0.1846837369440263,0.0484243891689504,0.0127093631041589,0.0810914412995361,0.5112304948894321,0
2024-01-01,M1GU.SI,0.4734753381484766,0.3527269114416439,0.5175482737310815,0.2693715916772944,0.4036036849505864,0.1846837369440263,0.0484243891689504,0.0127093631041589,0.0810914412995361,0.4891044428454968,0
2025-01-01,M1GU.SI,0.4734753381484766,0.3527269114416439,0.5175482737310815,0.166794289516483,0.4036036849505864,0.1846837369440263,0.0484243891689504,0.0127093631041589,0.0810914412995361,0.5928084825363042,0
2019-01-01,M44U.SI,0.4734753381484766,0.3527269114416439,0.5175482737310815,0.3826210296693359,0.4036036849505864,0.1846837369440263,0.0484243891689504,0.0127093631041589,0.0810914412995361,0.8053578186360136,-1
2020-01-01,M44U.SI,0.4734753381484766,0.3527269114416439,0.5175482737310815,0.2355008601653764,0.4036036849505864,0.1846837369440263,0.0484243891689504,0.0127093631041589,0.0810914412995361,0.6453158563992613,-1
2021-01-01,M44U.SI,0.4734753381484766,0.3527269114416439,0.5175482737310815,0.2252148657567153,0.4036036849505864,0.1846837369440263,0.0484243891689504,0.0127093631041589,0.0810914412995361,0.5130337999113173,0
2021-03-01,M44U.SI,0.2013977873933475,0.3052537219533673,0.6012354989908119,0.2252148657567153,0.3979561955058541,0.5348716313023346,0.3576342197743269,0.4891666013235313,0.0810914412995361,0.5256578775937476,0
2022-01-01,M44U.SI,0.2013977873933475,0.3052537219533673,0.6012354989908119,0.1785061886783952,0.3979561955058541,0.5348716313023346,0.3576342197743269,0.4891666013235313,0.0810914412995361,0.4406278573444705,0
2022-03-01,M44U.SI,0.2163450833578156,0.306692976443489,0.6517858077998662,0.1785061886783952,0.3507143357575519,0.6030688542217639,0.4334207289242565,0.5251686962491068,0.0810914412995361,0.5156998713099706,0
2023-01-01,M44U.SI,0.2163450833578156,0.306692976443489,0.6517858077998662,0.2511395719951439,0.3507143357575519,0.6030688542217639,0.4334207289242565,0.5251686962491068,0.0810914412995361,0.6144906009080419,-1
2023-03-01,M44U.SI,0.226654167951536,0.3034763963917419,0.610218005712263,0.2511395719951439,0.3525373048891063,0.5869963842860633,0.4677246922904262,0.0127093631041589,0.0810914412995361,0.4642512971314506,0
2023-12-01,M44U.SI,0.226654167951536,0.3034763963917419,0.610218005712263,0.2511395719951439,0.3525373048891063,0.5869963842860633,0.4677246922904262,0.0127093631041589,0.133828669545119,0.4218703796446615,0
2024-01-01,M44U.SI,0.226654167951536,0.3034763963917419,0.610218005712263,0.2031065906523375,0.3525373048891063,0.5869963842860633,0.4677246922904262,0.0127093631041589,0.133828669545119,0.3788216559539512,0
2024-03-01,M44U.SI,0.2320783824047931,0.3059797283483629,0.5631531975809158,0.2031065906523375,0.4095770837551085,0.5626020043179278,0.4693122765221057,0.1606560845308387,0.1125363450814673,0.4496354271623794,0
2024-06-01,M44U.SI,0.2320783824047931,0.3059797283483629,0.5631531975809158,0.2031065906523375,0.4095770837551085,0.5626020043179278,0.4693122765221057,0.1606560845308387,0.0994678976760507,0.5685413330185078,0
2024-09-01,M44U.SI,0.2320783824047931,0.3059797283483629,0.5631531975809158,0.2031065906523375,0.4095770837551085,0.5626020043179278,0.4693122765221057,0.1606560845308387,0.1212933083502844,0.5685413330185078,0
2024-12-01,M44U.SI,0.2320783824047931,0.3059797283483629,0.5631531975809158,0.2031065906523375,0.4095770837551085,0.5626020043179278,0.4693122765221057,0.1606560845308387,0.1037755441769605,0.5685413330185078,0
2025-01-01,M44U.SI,0.2320783824047931,0.3059797283483629,0.5631531975809158,0.0178116003019467,0.4095770837551085,0.5626020043179278,0.4693122765221057,0.1606560845308387,0.1037755441769605,0.5685413330185078,0
2019-01-01,ME8U.SI,0.2320783824047931,0.3059797283483629,0.5631531975809158,0.3544503272358651,0.4095770837551085,0.5626020043179278,0.4693122765221057,0.1606560845308387,0.1037755441769605,0.7911396389799943,-1
2020-01-01,ME8U.SI,0.2320783824047931,0.3059797283483629,0.5631531975809158,0.241410755009718,0.4095770837551085,0.5626020043179278,0.4693122765221057,0.1606560845308387,0.1037755441769605,0.6175660154261041,-1
2021-01-01,ME8U.SI,0.2320783824047931,0.3059797283483629,0.5631531975809158,0.2284839233239087,0.4095770837551085,0.5626020043179278,0.4693122765221057,0.1606560845308387,0.1037755441769605,0.5097455972329171,0
2021-03-01,ME8U.SI,0.2926315461727042,0.3051839695069013,0.5660419561126522,0.2284839233239087,0.3120859780470166,0.6213557113943248,0.2830293590512427,0.3112954362874841,0.1037755441769605,0.544554027772661,0
2022-01-01,ME8U.SI,0.2926315461727042,0.3051839695069013,0.5660419561126522,0.2400871904114643,0.3120859780470166,0.6213557113943248,0.2830293590512427,0.3112954362874841,0.1037755441769605,0.4347610512304671,0
2022-03-01,ME8U.SI,0.3137979216425696,0.3070269786895131,0.6515676998900637,0.2400871904114643,0.2886177525152935,0.7451959292317679,0.389462998098583,0.8326966692754605,0.1037755441769605,0.4975615416991227,0
2023-01-01,ME8U.SI,0.3137979216425696,0.3070269786895131,0.6515676998900637,0.2710455323306071,0.2886177525152935,0.7451959292317679,0.389462998098583,0.8326966692754605,0.1037755441769605,0.6419836424441899,-1
2023-03-01,ME8U.SI,0.3372003206839959,0.3036761306654867,0.5991331196950931,0.2710455323306071,0.2626568755126898,0.7412860800546237,0.4415858376843511,0.0127093631041589,0.1037755441769605,0.5302230420543056,0
2023-12-01,ME8U.SI,0.3372003206839959,0.3036761306654867,0.5991331196950931,0.2710455323306071,0.2626568755126898,0.7412860800546237,0.4415858376843511,0.0127093631041589,0.1524081626580115,0.5694396852012515,0
2024-01-01,ME8U.SI,0.3372003206839959,0.3036761306654867,0.5991331196950931,0.2249250810647527,0.2626568755126898,0.7412860800546237,0.4415858376843511,0.0127093631041589,0.1524081626580115,0.4762406467752095,0
2024-03-01,ME8U.SI,0.3261997335849804,0.304723038890708,0.5413612610104945,0.2249250810647527,0.3120781226884673,0.7041229339149541,0.4518972893721912,0.1618078497571454,0.1506948663466926,0.4746199862911441,0
2024-06-01,ME8U.SI,0.3261997335849804,0.304723038890708,0.5413612610104945,0.2249250810647527,0.3120781226884673,0.7041229339149541,0.4518972893721912,0.1618078497571454,0.136666992827062,0.5685413330185078,0
2024-09-01,ME8U.SI,0.3261997335849804,0.304723038890708,0.5413612610104945,0.2249250810647527,0.3120781226884673,0.7041229339149541,0.4518972893721912,0.1618078497571454,0.1666425555378138,0.5685413330185078,0
2024-12-01,ME8U.SI,0.3261997335849804,0.304723038890708,0.5413612610104945,0.2249250810647527,0.3120781226884673,0.7041229339149541,0.4518972893721912,0.1618078497571454,0.1502101427323735,0.5685413330185078,0
2025-01-01,ME8U.SI,0.3261997335849804,0.304723038890708,0.5413612610104945,0.0493926654701373,0.3120781226884673,0.7041229339149541,0.4518972893721912,0.1618078497571454,0.1502101427323735,0.5685413330185078,0
2020-12-01,MXNU.SI,0.3261997335849804,0.304723038890708,0.5413612610104945,0.0493926654701373,0.3120781226884673,0.7041229339149541,0.4518972893721912,0.0955558284350639,0.1502101427323735,0.5525271956470936,0
2021-01-01,MXNU.SI,0.3261997335849804,0.304723038890708,0.5413612610104945,0.4782531362626903,0.3120781226884673,0.7041229339149541,0.4518972893721912,0.0955558284350639,0.1502101427323735,0.5777949579314268,0
2021-12-01,MXNU.SI,0.0,0.2995160273105633,0.4939132444716188,0.4782531362626903,0.4929122886089734,0.2156124067132407,0.0,0.0127093631041589,0.1502101427323735,0.4033936720014293,0
2022-01-01,MXNU.SI,0.0,0.2995160273105633,0.4939132444716188,0.4559413562111614,0.4929122886089734,0.2156124067132407,0.0,0.0127093631041589,0.1502101427323735,0.375392905051522,0
2022-12-01,MXNU.SI,0.0070316415947852,0.3790809076981842,0.4687976972669989,0.4559413562111614,0.5823494554639885,0.1804362952309846,0.0021129129202885,0.0127093631041589,0.1502101427323735,0.311935467590929,0
2023-01-01,MXNU.SI,0.0070316415947852,0.3790809076981842,0.4687976972669989,0.4398611278415385,0.5823494554639885,0.1804362952309846,0.0021129129202885,0.0127093631041589,0.1502101427323735,0.3138259886052638,0
2023-06-01,MXNU.SI,0.0070316415947852,0.3790809076981842,0.4687976972669989,0.4398611278415385,0.5823494554639885,0.1804362952309846,0.0021129129202885,0.0127093631041589,0.049962206800271,0.4299077685103583,0
2023-12-01,MXNU.SI,0.0552473026680412,0.0,0.4612107009842992,0.4398611278415385,0.7013156170432229,0.1501876846357179,0.0081200805867853,0.0127093631041589,0.0611019814692062,0.6088797517940675,-1
2024-01-01,MXNU.SI,0.0552473026680412,0.0,0.4612107009842992,0.4554567341275417,0.7013156170432229,0.1501876846357179,0.0081200805867853,0.0127093631041589,0.0611019814692062,0.6235081056105019,-1
2024-06-01,MXNU.SI,0.0552473026680412,0.0,0.4612107009842992,0.4554567341275417,0.7013156170432229,0.1501876846357179,0.0081200805867853,0.0127093631041589,0.0574440806019984,0.4576114164222241,0
2024-12-01,MXNU.SI,0.0406305827960956,0.3077290667210662,0.5340775675193238,0.4554567341275417,0.4851186908555767,0.1412331566183317,0.0031540188668046,0.0330365028945776,0.0802367090254406,0.5010258779308162,0
2025-01-01,MXNU.SI,0.0406305827960956,0.3077290667210662,0.5340775675193238,0.201174399918723,0.4851186908555767,0.1412331566183317,0.0031540188668046,0.0330365028945776,0.0802367090254406,0.5010258779308162,0
2019-01-01,N2IU.SI,0.0406305827960956,0.3077290667210662,0.5340775675193238,0.3284265040659704,0.4851186908555767,0.1412331566183317,0.0031540188668046,0.0330365028945776,0.0802367090254406,0.845112143553266,-1
2020-01-01,N2IU.SI,0.0406305827960956,0.3077290667210662,0.5340775675193238,0.1428796704944268,0.4851186908555767,0.1412331566183317,0.0031540188668046,0.0330365028945776,0.0802367090254406,0.4730474198429502,0
2020-03-01,N2IU.SI,0.0406305827960956,0.3077290667210662,0.5340775675193238,0.1428796704944268,0.4851186908555767,0.1412331566183317,0.0031540188668046,0.6921968460717927,0.0802367090254406,0.5170791101552259,0
2021-01-01,N2IU.SI,0.0406305827960956,0.3077290667210662,0.5340775675193238,0.2237484596611852,0.4851186908555767,0.1412331566183317,0.0031540188668046,0.6921968460717927,0.0802367090254406,0.5042288803862316,0
2021-03-01,N2IU.SI,0.2701480067770974,0.3055137432262196,0.5216067705246589,0.2237484596611852,0.2664355766098307,0.6485246460311126,0.3053380899458229,0.0127093631041589,0.0802367090254406,0.483018310029819,0
2022-01-01,N2IU.SI,0.2701480067770974,0.3055137432262196,0.5216067705246589,0.2384581428400464,0.2664355766098307,0.6485246460311126,0.3053380899458229,0.0127093631041589,0.0802367090254406,0.4451681053303635,0
2022-03-01,N2IU.SI,0.2808502129590468,0.2820184360958735,0.5974909620323392,0.2384581428400464,0.2553393729840703,0.6568759927985504,0.3191487764958393,0.0127093631041589,0.0802367090254406,0.5189641206541932,0
2023-01-01,N2IU.SI,0.2808502129590468,0.2820184360958735,0.5974909620323392,0.2438750234599313,0.2553393729840703,0.6568759927985504,0.3191487764958393,0.0127093631041589,0.0802367090254406,0.5150965298780815,0
2023-03-01,N2IU.SI,0.2812128082643091,0.3058016929955549,0.5864434763354719,0.2438750234599313,0.4415881325614013,0.6825745297278399,0.5410660351806483,0.0127093631041589,0.0802367090254406,0.4024223838494159,0
2023-12-01,N2IU.SI,0.2812128082643091,0.3058016929955549,0.5864434763354719,0.2438750234599313,0.4415881325614013,0.6825745297278399,0.5410660351806483,0.0127093631041589,0.0976845857084703,0.487752823083228,0
2024-01-01,N2IU.SI,0.2812128082643091,0.3058016929955549,0.5864434763354719,0.2298484389272046,0.4415881325614013,0.6825745297278399,0.5410660351806483,0.0127093631041589,0.0976845857084703,0.4077508945061119,0
2024-03-01,N2IU.SI,0.280946578354628,0.3040830604966388,0.6027183502739062,0.2298484389272046,0.4308261010325214,0.6799402942756912,0.6302989120238186,0.0127093631041589,0.0762031662533431,0.4903812932344292,0
2024-06-01,N2IU.SI,0.280946578354628,0.3040830604966388,0.6027183502739062,0.2298484389272046,0.4308261010325214,0.6799402942756912,0.6302989120238186,0.0127093631041589,0.0732931117139993,0.5317363889010831,0
2024-09-01,N2IU.SI,0.280946578354628,0.3040830604966388,0.6027183502739062,0.2298484389272046,0.4308261010325214,0.6799402942756912,0.6302989120238186,0.0127093631041589,0.0980228870253827,0.5317363889010831,0
2024-12-01,N2IU.SI,0.280946578354628,0.3040830604966388,0.6027183502739062,0.2298484389272046,0.4308261010325214,0.6799402942756912,0.6302989120238186,0.0127093631041589,0.0768390118106492,0.5317363889010831,0
2025-01-01,N2IU.SI,0.280946578354628,0.3040830604966388,0.6027183502739062,0.0540724347773398,0.4308261010325214,0.6799402942756912,0.6302989120238186,0.0127093631041589,0.0768390118106492,0.5317363889010831,0
2019-01-01,O5RU.SI,0.280946578354628,0.3040830604966388,0.6027183502739062,0.483606215547198,0.4308261010325214,0.6799402942756912,0.6302989120238186,0.0127093631041589,0.0768390118106492,0.6151214512741826,-1
2020-01-01,O5RU.SI,0.280946578354628,0.3040830604966388,0.6027183502739062,0.3423497235953936,0.4308261010325214,0.6799402942756912,0.6302989120238186,0.0127093631041589,0.0768390118106492,0.4777153079361431,0
2021-01-01,O5RU.SI,0.280946578354628,0.3040830604966388,0.6027183502739062,0.4211300111046318,0.4308261010325214,0.6799402942756912,0.6302989120238186,0.0127093631041589,0.0768390118106492,0.6677129975545484,-1
2021-03-01,O5RU.SI,0.3207674984455194,0.3040349687660694,0.5694264876763744,0.4211300111046318,0.3570179484071689,0.577062844974026,0.0605553884055182,0.1051760639958338,0.0768390118106492,0.5983421780924234,0
2022-01-01,O5RU.SI,0.3207674984455194,0.3040349687660694,0.5694264876763744,0.3257549495792523,0.3570179484071689,0.577062844974026,0.0605553884055182,0.1051760639958338,0.0768390118106492,0.4659024266477281,0
2022-03-01,O5RU.SI,0.3438761780670227,0.305255907396654,0.6342764081471655,0.3257549495792523,0.4169158719196879,0.7226996383566473,0.073341342890222,0.1051760639958338,0.0768390118106492,0.5688597307605617,0
2023-01-01,O5RU.SI,0.3438761780670227,0.305255907396654,0.6342764081471655,0.3763959682894136,0.4169158719196879,0.7226996383566473,0.073341342890222,0.1051760639958338,0.0768390118106492,0.6005336219884306,-1
2023-03-01,O5RU.SI,0.3284280833792328,0.3038593715925741,0.6458411842663787,0.3763959682894136,0.3804170505987063,0.7154548680990023,0.0891332690658496,0.0127093631041589,0.0768390118106492,0.5133303707957297,0
2023-09-01,O5RU.SI,0.3284280833792328,0.3038593715925741,0.6458411842663787,0.3763959682894136,0.3804170505987063,0.7154548680990023,0.0891332690658496,0.0127093631041589,0.0729237188207002,0.586917700623155,0
2024-01-01,O5RU.SI,0.3284280833792328,0.3038593715925741,0.6458411842663787,0.3126898341450073,0.3804170505987063,0.7154548680990023,0.0891332690658496,0.0127093631041589,0.0729237188207002,0.539762732804299,0
2024-03-01,O5RU.SI,0.290842902331736,0.3021025691834919,0.5737010464776258,0.3126898341450073,0.2724186323935564,0.6670093277895013,0.0965015156073789,0.0868092182643186,0.0771642657354567,0.5551011464666682,0
2025-01-01,O5RU.SI,0.290842902331736,0.3021025691834919,0.5737010464776258,0.0655096435790748,0.2724186323935564,0.6670093277895013,0.0965015156073789,0.0868092182643186,0.0771642657354567,0.4085689707486913,0
2021-01-01,ODBU.SI,0.290842902331736,0.3021025691834919,0.5737010464776258,0.7494703219367471,0.2724186323935564,0.6670093277895013,0.0965015156073789,0.0868092182643186,0.0771642657354567,0.5866583055339026,0
2021-12-01,ODBU.SI,0.3212778329964622,0.2731202547358069,0.5725105971087878,0.7494703219367471,0.4443900000600287,0.2747691182282012,0.0155701965343315,0.0386000393538279,0.0771642657354567,0.3954110758102276,0
2022-01-01,ODBU.SI,0.3212778329964622,0.2731202547358069,0.5725105971087878,0.3547505227724964,0.4443900000600287,0.2747691182282012,0.0155701965343315,0.0386000393538279,0.0771642657354567,0.3616509819372792,0
2022-12-01,ODBU.SI,0.3250300716723545,0.3069896486947402,0.5445479532386429,0.3547505227724964,0.5101536569263458,0.2748600154282991,0.0240245771956863,0.0127093631041589,0.0771642657354567,0.4928658642693945,0
2023-01-01,ODBU.SI,0.3250300716723545,0.3069896486947402,0.5445479532386429,0.6448866094330299,0.5101536569263458,0.2748600154282991,0.0240245771956863,0.0127093631041589,0.0771642657354567,0.65981787142898,-1
2023-06-01,ODBU.SI,0.3250300716723545,0.3069896486947402,0.5445479532386429,0.6448866094330299,0.5101536569263458,0.2748600154282991,0.0240245771956863,0.0127093631041589,0.0495201040407793,0.5537447806490623,0
2023-12-01,ODBU.SI,0.3122034725400042,0.2824504890341147,0.5539507736840144,0.6448866094330299,0.5068691796821267,0.2725157746149668,0.0270994556366744,0.0127093631041589,0.0645789952235407,0.649789560658586,-1
2024-01-01,ODBU.SI,0.3122034725400042,0.2824504890341147,0.5539507736840144,0.380497176738976,0.5068691796821267,0.2725157746149668,0.0270994556366744,0.0127093631041589,0.0645789952235407,0.5578049462275866,0
2024-06-01,ODBU.SI,0.3122034725400042,0.2824504890341147,0.5539507736840144,0.380497176738976,0.5068691796821267,0.2725157746149668,0.0270994556366744,0.0127093631041589,0.0510802648228531,0.5177103439307023,0
2024-12-01,ODBU.SI,0.328635883744421,0.2989045472082858,0.5487824795929893,0.380497176738976,0.4354135476851959,0.2746398963632542,0.0278192241645738,0.0127093631041589,0.0680898499845684,0.5177103439307023,0
2025-01-01,ODBU.SI,0.328635883744421,0.2989045472082858,0.5487824795929893,0.1712788248393609,0.4354135476851959,0.2746398963632542,0.0278192241645738,0.0127093631041589,0.0680898499845684,0.5177103439307023,0
2020-01-01,OXMU.SI,0.328635883744421,0.2989045472082858,0.5487824795929893,0.5963416271979114,0.4354135476851959,0.2746398963632542,0.0278192241645738,0.0127093631041589,0.0680898499845684,0.4599756684056219,0
2020-12-01,OXMU.SI,0.328635883744421,0.2989045472082858,0.5487824795929893,0.5963416271979114,0.4354135476851959,0.2746398963632542,0.0278192241645738,0.1014773959601668,0.0680898499845684,0.6617785725661955,-1
2021-01-01,OXMU.SI,0.328635883744421,0.2989045472082858,0.5487824795929893,0.8157456014698997,0.4354135476851959,0.2746398963632542,0.0278192241645738,0.1014773959601668,0.0680898499845684,0.6517707073832921,-1
2021-12-01,OXMU.SI,0.4071781122464815,0.3041435250066689,0.5509103135437905,0.8157456014698997,0.3680492415671756,0.2821185791910466,0.0849981818169413,0.0718880516748308,0.0680898499845684,0.3139427393511527,0
2022-01-01,OXMU.SI,0.4071781122464815,0.3041435250066689,0.5509103135437905,0.54219196158643,0.3680492415671756,0.2821185791910466,0.0849981818169413,0.0718880516748308,0.0680898499845684,0.2394649306743054,1
2022-12-01,OXMU.SI,0.43861411126337,0.2954703407450132,0.4840686401142704,0.54219196158643,0.484273295274386,0.249560592714637,0.0887634922486728,0.0127093631041589,0.0680898499845684,0.1281472997420258,1
2023-01-01,OXMU.SI,0.43861411126337,0.2954703407450132,0.4840686401142704,0.7692107376849532,0.484273295274386,0.249560592714637,0.0887634922486728,0.0127093631041589,0.0680898499845684,0.3874630766313313,0
2023-06-01,OXMU.SI,0.43861411126337,0.2954703407450132,0.4840686401142704,0.7692107376849532,0.484273295274386,0.249560592714637,0.0887634922486728,0.0127093631041589,0.0120187221552853,0.4039337783878439,0
2023-12-01,OXMU.SI,0.4505514946965832,0.2993752696699995,0.4225649079374485,0.7692107376849532,0.6561329658470543,0.1950679163718142,0.0870108047148591,0.0127093631041589,0.0352999283679281,0.7536417133385496,-1
2024-01-01,OXMU.SI,0.4505514946965832,0.2993752696699995,0.4225649079374485,0.0682757534394367,0.6561329658470543,0.1950679163718142,0.0870108047148591,0.0127093631041589,0.0352999283679281,0.4035816780069866,0
2024-06-01,OXMU.SI,0.4505514946965832,0.2993752696699995,0.4225649079374485,0.0682757534394367,0.6561329658470543,0.1950679163718142,0.0870108047148591,0.0127093631041589,0.010286497914543,0.5628513275563145,0
2024-12-01,OXMU.SI,0.4891299763902089,0.3071954150665725,0.5083919285399481,0.0682757534394367,0.5874808725573011,0.1958699718798534,0.0739778775220041,0.0127093631041589,0.0250179236357693,0.4353254251098307,0
2025-01-01,OXMU.SI,0.4891299763902089,0.3071954150665725,0.5083919285399481,0.0112447987745708,0.5874808725573011,0.1958699718798534,0.0739778775220041,0.0127093631041589,0.0250179236357693,0.4353254251098307,0
2019-01-01,P40U.SI,0.4891299763902089,0.3071954150665725,0.5083919285399481,0.3922500323553978,0.5874808725573011,0.1958699718798534,0.0739778775220041,0.0127093631041589,0.0250179236357693,0.5998201315114697,0
2020-01-01,P40U.SI,0.4891299763902089,0.3071954150665725,0.5083919285399481,0.1322256126657687,0.5874808725573011,0.1958699718798534,0.0739778775220041,0.0127093631041589,0.0250179236357693,0.3387626317062865,0
2021-01-01,P40U.SI,0.4891299763902089,0.3071954150665725,0.5083919285399481,0.4328028554183603,0.5874808725573011,0.1958699718798534,0.0739778775220041,0.0127093631041589,0.0250179236357693,0.769853360167913,-1
2021-06-01,P40U.SI,0.3298084055003824,0.3065590417618504,0.5389185344918953,0.4328028554183603,0.3225583091744329,0.3138745047662498,0.1003364150342248,0.0862758703335754,0.0250179236357693,0.5878364392706306,0
2022-01-01,P40U.SI,0.3298084055003824,0.3065590417618504,0.5389185344918953,0.291309462864614,0.3225583091744329,0.3138745047662498,0.1003364150342248,0.0862758703335754,0.0250179236357693,0.4423130004510486,0
2022-06-01,P40U.SI,0.2929798080279394,0.3036287981642906,0.5391667468257942,0.291309462864614,0.327289377697226,0.3028083117110136,0.1038506592875042,0.0127093631041589,0.0250179236357693,0.4701991189801344,0
2023-01-01,P40U.SI,0.2929798080279394,0.3036287981642906,0.5391667468257942,0.3338146614828606,0.327289377697226,0.3028083117110136,0.1038506592875042,0.0127093631041589,0.0250179236357693,0.5447122438400983,0
2023-06-01,P40U.SI,0.2780135518421573,0.3037264736577117,0.5385558977218254,0.3338146614828606,0.3397563467103527,0.283703620468452,0.104852195021112,0.0127093631041589,0.0628935297282706,0.5264782278667682,0
2023-12-01,P40U.SI,0.2780135518421573,0.3037264736577117,0.5385558977218254,0.3338146614828606,0.3397563467103527,0.283703620468452,0.104852195021112,0.0127093631041589,0.0688822687452215,0.5721183126979442,0
2024-01-01,P40U.SI,0.2780135518421573,0.3037264736577117,0.5385558977218254,0.3043691438055291,0.3397563467103527,0.283703620468452,0.104852195021112,0.0127093631041589,0.0688822687452215,0.533512206774948,0
2024-06-01,P40U.SI,0.277510532247597,0.3037264736577117,0.5367172622767203,0.3043691438055291,0.3438123588849237,0.2774278236056139,0.104852195021112,0.0127093631041589,0.0658807308229469,0.5703227645280313,0
2025-01-01,P40U.SI,0.277510532247597,0.3037264736577117,0.5367172622767203,0.1391500936272752,0.3438123588849237,0.2774278236056139,0.104852195021112,0.0127093631041589,0.0658807308229469,0.516384876730284,0
2019-01-01,Q5T.SI,0.277510532247597,0.3037264736577117,0.5367172622767203,0.3576434308426072,0.3438123588849237,0.2774278236056139,0.104852195021112,0.0127093631041589,0.0658807308229469,0.7011228888672081,-1
2020-01-01,Q5T.SI,0.277510532247597,0.3037264736577117,0.5367172622767203,0.1322314936708491,0.3438123588849237,0.2774278236056139,0.104852195021112,0.0127093631041589,0.0658807308229469,0.4314334498784712,0
2021-01-01,Q5T.SI,0.277510532247597,0.3037264736577117,0.5367172622767203,0.199509862781235,0.3438123588849237,0.2774278236056139,0.104852195021112,0.0127093631041589,0.0658807308229469,0.5183821864332883,0
2021-12-01,Q5T.SI,0.1812119589582511,0.3070819397585547,0.5629427627257485,0.199509862781235,0.3128661089730304,0.3065780140944724,0.0356527618302997,0.0127093631041589,0.0658807308229469,0.5780367859248156,0
2022-01-01,Q5T.SI,0.1812119589582511,0.3070819397585547,0.5629427627257485,0.2504857669886097,0.3128661089730304,0.3065780140944724,0.0356527618302997,0.0127093631041589,0.0658807308229469,0.5830964211882712,0
2022-12-01,Q5T.SI,0.1584152594816276,0.30725286699033,0.5956918148174432,0.2504857669886097,0.1316608158793213,0.3337441637408291,0.0356418459094974,0.0127093631041589,0.0658807308229469,0.614762537964236,-1
2023-01-01,Q5T.SI,0.1584152594816276,0.30725286699033,0.5956918148174432,0.2707156742729272,0.1316608158793213,0.3337441637408291,0.0356418459094974,0.0127093631041589,0.0658807308229469,0.6026952415872685,-1
2023-06-01,Q5T.SI,0.1584152594816276,0.30725286699033,0.5956918148174432,0.2707156742729272,0.1316608158793213,0.3337441637408291,0.0356418459094974,0.0127093631041589,0.0682260147100962,0.5921886431031388,0
2023-12-01,Q5T.SI,0.1440035377381217,0.3056722750068896,0.5617903226216167,0.2707156742729272,0.1104552867468871,0.3441441386900365,0.0515572584392007,0.0127093631041589,0.0732771000234981,0.51491549988844,0
2024-01-01,Q5T.SI,0.1440035377381217,0.3056722750068896,0.5617903226216167,0.2694642374156198,0.1104552867468871,0.3441441386900365,0.0515572584392007,0.0127093631041589,0.0732771000234981,0.5052759480467331,0
2024-06-01,Q5T.SI,0.1440035377381217,0.3056722750068896,0.5617903226216167,0.2694642374156198,0.1104552867468871,0.3441441386900365,0.0515572584392007,0.0127093631041589,0.0708212945413053,0.6260566484188901,-1
2024-12-01,Q5T.SI,0.1537030881046227,0.3047044098658827,0.5617903226216167,0.2694642374156198,0.09979756187433,0.3441441386900365,0.0529210662944337,0.0127093631041589,0.0708212945413053,0.5566009161471863,0
2025-01-01,Q5T.SI,0.1537030881046227,0.3047044098658827,0.5617903226216167,0.1309223743347647,0.09979756187433,0.3441441386900365,0.0529210662944337,0.0127093631041589,0.0708212945413053,0.5566009161471863,0
2019-01-01,SK6U.SI,0.1537030881046227,0.3047044098658827,0.5617903226216167,0.4707156325860681,0.09979756187433,0.3441441386900365,0.0529210662944337,0.0127093631041589,0.0708212945413053,0.6146777771673433,-1
2020-01-01,SK6U.SI,0.1537030881046227,0.3047044098658827,0.5617903226216167,0.0517279175941531,0.09979756187433,0.3441441386900365,0.0529210662944337,0.0127093631041589,0.0708212945413053,0.3952964910423172,0
2020-08-01,SK6U.SI,0.1537030881046227,0.3047044098658827,0.5617903226216167,0.0517279175941531,0.1789866789978628,0.3775130130053036,0.0529210662944337,0.134378527604639,0.0708212945413053,0.6204065741576155,-1
2021-01-01,SK6U.SI,0.1537030881046227,0.3047044098658827,0.5617903226216167,0.3225801039506452,0.1789866789978628,0.3775130130053036,0.0529210662944337,0.134378527604639,0.0708212945413053,0.676543723146336,-1
2021-08-01,SK6U.SI,0.3214438069511739,0.3919087897645116,0.5515971782441571,0.3225801039506452,0.1743025262608953,0.3789950874220867,0.1674836551142112,0.0127093631041589,0.0708212945413053,0.5741455079747045,0
2022-01-01,SK6U.SI,0.3214438069511739,0.3919087897645116,0.5515971782441571,0.2597764969478558,0.1743025262608953,0.3789950874220867,0.1674836551142112,0.0127093631041589,0.0708212945413053,0.4900800439914509,0
2022-12-01,SK6U.SI,0.3077364253341557,0.3919087897645116,0.5515971782441571,0.2597764969478558,0.1743025262608953,0.3789950874220867,0.1719844257099953,0.0127093631041589,0.0708212945413053,0.4877046051717341,0
2023-01-01,SK6U.SI,0.3077364253341557,0.3919087897645116,0.5515971782441571,0.2006007416573506,0.1743025262608953,0.3789950874220867,0.1719844257099953,0.0127093631041589,0.0708212945413053,0.5349154670518651,0
2023-06-01,SK6U.SI,0.3077364253341557,0.3919087897645116,0.5515971782441571,0.2006007416573506,0.1743025262608953,0.3789950874220867,0.1719844257099953,0.0127093631041589,0.1028872530588901,0.4884530766942386,0
2023-12-01,SK6U.SI,0.3067386817819845,0.3530702989021381,0.550280674440467,0.2006007416573506,0.1545464056336812,0.3781808579381667,0.1748982943191501,0.0127093631041589,0.0960852389848895,0.5910781991702524,0
2024-01-01,SK6U.SI,0.3067386817819845,0.3530702989021381,0.550280674440467,0.2344899446090668,0.1545464056336812,0.3781808579381667,0.1748982943191501,0.0127093631041589,0.0960852389848895,0.5510157921934205,0
2024-06-01,SK6U.SI,0.3067386817819845,0.3530702989021381,0.550280674440467,0.2344899446090668,0.1545464056336812,0.3781808579381667,0.1748982943191501,0.0127093631041589,0.0926600425511749,0.5678484807767143,0
2024-12-01,SK6U.SI,0.3032455636659006,0.3344800863744504,0.6033154041644118,0.2344899446090668,0.3081883337376027,0.3480187735537466,0.1834447780622739,0.0127093631041589,0.1123683030650236,0.5262028028048842,0
2025-01-01,SK6U.SI,0.3032455636659006,0.3344800863744504,0.6033154041644118,0.0968197600999964,0.3081883337376027,0.3480187735537466,0.1834447780622739,0.0127093631041589,0.1123683030650236,0.5262028028048842,0
2019-01-01,T82U.SI,0.3032455636659006,0.3344800863744504,0.6033154041644118,0.3961249291003386,0.3081883337376027,0.3480187735537466,0.1834447780622739,0.0127093631041589,0.1123683030650236,0.5829895440086865,0
2020-01-01,T82U.SI,0.3032455636659006,0.3344800863744504,0.6033154041644118,0.2105271607980015,0.3081883337376027,0.3480187735537466,0.1834447780622739,0.0127093631041589,0.1123683030650236,0.4364069771965105,0
2020-12-01,T82U.SI,0.3032455636659006,0.3344800863744504,0.6033154041644118,0.2105271607980015,0.3081883337376027,0.3480187735537466,0.1834447780622739,0.0127093631041589,0.1123683030650236,0.554310074240872,0
2021-01-01,T82U.SI,0.3032455636659006,0.3344800863744504,0.6033154041644118,0.2849530194238514,0.3081883337376027,0.3480187735537466,0.1834447780622739,0.0127093631041589,0.1123683030650236,0.5499825140370065,0
2021-12-01,T82U.SI,0.2672542359778826,0.3073769666192841,0.6544219946271872,0.2849530194238514,0.4896574872902719,0.8630357429419602,0.1828478136434,0.0127093631041589,0.1123683030650236,0.5073249045413452,0
2022-01-01,T82U.SI,0.2672542359778826,0.3073769666192841,0.6544219946271872,0.2876123964862764,0.4896574872902719,0.8630357429419602,0.1828478136434,0.0127093631041589,0.1123683030650236,0.4989145285464004,0
2022-12-01,T82U.SI,0.2325319032182024,0.3058803612687339,0.6527365587742084,0.2876123964862764,0.4699703776186494,0.8641889738510764,0.2264787490900556,0.0127093631041589,0.1123683030650236,0.4406192458021235,0
2023-01-01,T82U.SI,0.2325319032182024,0.3058803612687339,0.6527365587742084,0.2318699427465154,0.4699703776186494,0.8641889738510764,0.2264787490900556,0.0127093631041589,0.1123683030650236,0.4826874144272321,0
2023-06-01,T82U.SI,0.2325319032182024,0.3058803612687339,0.6527365587742084,0.2318699427465154,0.4699703776186494,0.8641889738510764,0.2264787490900556,0.0127093631041589,0.0555044253939239,0.4393624624586319,0
2023-12-01,T82U.SI,0.3123956420255599,0.3071822087027636,0.5426696815859178,0.2318699427465154,0.3865815495147804,0.8609442621827968,0.2537398968036137,0.0127093631041589,0.0545909999774056,0.5480056222977921,0
2024-01-01,T82U.SI,0.3123956420255599,0.3071822087027636,0.5426696815859178,0.2188674846256444,0.3865815495147804,0.8609442621827968,0.2537398968036137,0.0127093631041589,0.0545909999774056,0.5216615575337401,0
2024-06-01,T82U.SI,0.3123956420255599,0.3071822087027636,0.5426696815859178,0.2188674846256444,0.3865815495147804,0.8609442621827968,0.2537398968036137,0.0127093631041589,0.0458901443322996,0.5563261333647824,0
2024-12-01,T82U.SI,0.3093014828449159,0.3058967995524537,0.560519307379304,0.2188674846256444,0.391738049387015,0.84073499792591,0.2531238295233358,0.0127093631041589,0.0569034069836832,0.5563261333647824,0
2025-01-01,T82U.SI,0.3093014828449159,0.3058967995524537,0.560519307379304,0.0407634058411216,0.391738049387015,0.84073499792591,0.2531238295233358,0.0127093631041589,0.0569034069836832,0.5563261333647824,0
2019-01-01,TS0U.SI,0.3093014828449159,0.3058967995524537,0.560519307379304,0.463056368597501,0.391738049387015,0.84073499792591,0.2531238295233358,0.0127093631041589,0.0569034069836832,0.7140469709804808,-1
2020-01-01,TS0U.SI,0.3093014828449159,0.3058967995524537,0.560519307379304,0.2020414840417255,0.391738049387015,0.84073499792591,0.2531238295233358,0.0127093631041589,0.0569034069836832,0.3341190281688108,0
2021-01-01,TS0U.SI,0.3093014828449159,0.3058967995524537,0.560519307379304,0.3714690109348804,0.391738049387015,0.84073499792591,0.2531238295233358,0.0127093631041589,0.0569034069836832,0.663797487843088,-1
2021-12-01,TS0U.SI,0.2276661962400985,0.3077174935023816,0.5101359193678887,0.3714690109348804,0.2834419707684665,0.2389615686441701,0.1464022830648357,0.0127093631041589,0.0569034069836832,0.4430118611073066,0
2022-01-01,TS0U.SI,0.2276661962400985,0.3077174935023816,0.5101359193678887,0.2764010882608456,0.2834419707684665,0.2389615686441701,0.1464022830648357,0.0127093631041589,0.0569034069836832,0.3992813898488568,0
2022-12-01,TS0U.SI,0.2206802602596373,0.3075354016639047,0.5491040260652665,0.2764010882608456,0.2879455210830595,0.2460209745955718,0.1415399225924766,0.0127093631041589,0.0569034069836832,0.3656398511751312,0
2023-01-01,TS0U.SI,0.2206802602596373,0.3075354016639047,0.5491040260652665,0.2922624662511991,0.2879455210830595,0.2460209745955718,0.1415399225924766,0.0127093631041589,0.0569034069836832,0.45995996877969,0
2023-06-01,TS0U.SI,0.2206802602596373,0.3075354016639047,0.5491040260652665,0.2922624662511991,0.2879455210830595,0.2460209745955718,0.1415399225924766,0.0127093631041589,0.0460565215219984,0.4426681860501581,0
2023-12-01,TS0U.SI,0.2077756484593397,0.3042006790449125,0.5358873577789964,0.2922624662511991,0.2770555327261846,0.2502747816466709,0.173808748974074,0.0127093631041589,0.0376467836384492,0.6159025076149267,-1
2024-01-01,TS0U.SI,0.2077756484593397,0.3042006790449125,0.5358873577789964,0.3044243271997288,0.2770555327261846,0.2502747816466709,0.173808748974074,0.0127093631041589,0.0376467836384492,0.5635830827398549,0
2024-06-01,TS0U.SI,0.2077756484593397,0.3042006790449125,0.5358873577789964,0.3044243271997288,0.2770555327261846,0.2502747816466709,0.173808748974074,0.0127093631041589,0.0348708301042951,0.5728133424656492,0
2024-12-01,TS0U.SI,0.2323549109795667,0.3042006790449125,0.4915671637063648,0.3044243271997288,0.3174514733464957,0.2411247348189755,0.173808748974074,0.0127093631041589,0.0442676639647099,0.5728133424656492,0
2025-01-01,TS0U.SI,0.2323549109795667,0.3042006790449125,0.4915671637063648,0.1553743314940438,0.3174514733464957,0.2411247348189755,0.173808748974074,0.0127093631041589,0.0442676639647099,0.5728133424656492,0
2019-01-01,UD1U.SI,0.2323549109795667,0.3042006790449125,0.4915671637063648,0.455538621458017,0.3174514733464957,0.2411247348189755,0.173808748974074,0.0127093631041589,0.0442676639647099,0.6457534845864688,-1
2020-01-01,UD1U.SI,0.2323549109795667,0.3042006790449125,0.4915671637063648,0.3602593915467162,0.3174514733464957,0.2411247348189755,0.173808748974074,0.0127093631041589,0.0442676639647099,0.4878118451935753,0
2020-12-01,UD1U.SI,0.1698271793669188,0.3014263448658846,0.52130553176726,0.3602593915467162,0.2816779416950514,0.1609291652804586,0.0042039939989725,0.0788200953072779,0.0442676639647099,0.5693275513930898,0
2021-01-01,UD1U.SI,0.1698271793669188,0.3014263448658846,0.52130553176726,0.3417412117726253,0.2816779416950514,0.1609291652804586,0.0042039939989725,0.0788200953072779,0.0442676639647099,0.5746674634942949,0
2021-12-01,UD1U.SI,0.2217058940440614,0.36937346573637,0.6025168540679715,0.3417412117726253,0.2099522946023366,0.1892153531459325,0.0129565157472391,0.071301442924374,0.0442676639647099,0.4362678998685387,0
2022-01-01,UD1U.SI,0.2217058940440614,0.36937346573637,0.6025168540679715,0.1824405808681407,0.2099522946023366,0.1892153531459325,0.0129565157472391,0.071301442924374,0.0442676639647099,0.3949823999258897,0
2022-12-01,UD1U.SI,0.2347095514140354,0.36937346573637,0.5310585237548325,0.1824405808681407,0.2089491830072543,0.1907187800730552,0.0186805517179271,0.0127093631041589,0.0442676639647099,0.3502904149525429,0
2023-01-01,UD1U.SI,0.2347095514140354,0.36937346573637,0.5310585237548325,0.2684957884045991,0.2089491830072543,0.1907187800730552,0.0186805517179271,0.0127093631041589,0.0442676639647099,0.424946172429296,0
2023-06-01,UD1U.SI,0.2347095514140354,0.36937346573637,0.5310585237548325,0.2684957884045991,0.2089491830072543,0.1907187800730552,0.0186805517179271,0.0127093631041589,0.0954092995635175,0.3455329974405701,0
2023-12-01,UD1U.SI,0.2449002972378461,0.36937346573637,0.4318314802789643,0.2684957884045991,0.3810924856794211,0.1411695884828829,0.0206447352172848,0.0505829840557818,0.1160907892456323,0.4018743151975248,0
2024-01-01,UD1U.SI,0.2449002972378461,0.36937346573637,0.4318314802789643,0.2735427566067775,0.3810924856794211,0.1411695884828829,0.0206447352172848,0.0505829840557818,0.1160907892456323,0.360094867839536,0
2020-01-01,XZL.SI,0.2449002972378461,0.36937346573637,0.4318314802789643,0.2838343356204342,0.3810924856794211,0.1411695884828829,0.0206447352172848,0.0505829840557818,0.1160907892456323,0.2352844459312565,1
2020-12-01,XZL.SI,1.0,0.3354789507303763,0.3927725335849628,0.2838343356204342,0.6546393366874756,0.2220431065967139,0.0179082503211668,0.0127093631041589,0.1160907892456323,0.5750316211353341,0
2021-12-01,XZL.SI,0.7559736290321066,1.0,0.5193166137796026,0.2838343356204342,0.5484982444903097,0.2564110923413953,0.0498673374499999,0.0127093631041589,0.1160907892456323,0.4116653552151985,0
2022-01-01,XZL.SI,0.7559736290321066,1.0,0.5193166137796026,0.0227011468015675,0.5484982444903097,0.2564110923413953,0.0498673374499999,0.0127093631041589,0.1160907892456323,0.3357130593459561,0
2022-12-01,XZL.SI,0.4467623874890744,0.3029175133970031,0.5582349294393368,0.0227011468015675,0.4178220279745002,0.2961089613183225,0.0403309161391206,0.0127093631041589,0.1160907892456323,0.4156593065211724,0
2023-01-01,XZL.SI,0.4467623874890744,0.3029175133970031,0.5582349294393368,0.4570533026700517,0.4178220279745002,0.2961089613183225,0.0403309161391206,0.0127093631041589,0.1160907892456323,0.5049119715785407,0
2023-06-01,XZL.SI,0.4467623874890744,0.3029175133970031,0.5582349294393368,0.4570533026700517,0.4178220279745002,0.2961089613183225,0.0403309161391206,0.0127093631041589,0.0317603864695463,0.4899211280384213,0
2023-12-01,XZL.SI,0.3976419442600259,0.3066452005628871,0.5306489796649773,0.4570533026700517,0.4615404579893918,0.2705160865709309,0.0406242815106815,0.0127093631041589,0.0323199733027352,0.3469793030124207,0
2024-01-01,XZL.SI,0.3976419442600259,0.3066452005628871,0.5306489796649773,0.3927357717924055,0.4615404579893918,0.2705160865709309,0.0406242815106815,0.0127093631041589,0.0323199733027352,0.3570638235192639,0
